time,open,high,low,close,EMA12,EMA26,Volume,Volume MA,Histogram,MACD,Signal
1610582400,37390.1,40115,36676.6,39151.6,32057.10622333713,35899.487709093904,10421.75629722,12364.443866265996,-53.11111439194519,3842.381485756774,3895.4926001487192
1610668800,39121.5,39686.1,34371,36739.8,32403.972429015863,36028.76652307946,13462.33057571,12559.195718411496,-216.55880486809838,3624.7940940635963,3841.3528989316947
1610755200,36744.6,37947.5,35342.2,36014.6,32671.426323162836,36026.58705799031,8826.74412377,12305.395395353997,-388.9537312833736,3355.1607348274774,3744.114466110851
1610841600,36010.5,36873.9,33850,35816.4,32904.38733626188,35994.25058753027,9017.89627085,12362.723133905496,-523.400971873974,3089.8632512683835,3613.2642231423574
1610928000,35815.6,37400,34754.5,36622.5,33179.803089131376,36090.90434329484,7434.80713473,12301.456871649996,-561.7303751831159,2911.1012541634627,3472.8316293465787
1611014400,36622.5,37860,35900,35925.6,33383.195452899425,36065.472905864866,6291.52481546,12095.413440978497,-632.4433411049095,2682.2774529654416,3314.720794070351
1611100800,35925.5,36396.7,33374,35511.8,33540.869863795764,35980.29245880873,9160.40267834,12176.078712455997,-700.2385592459054,2439.4225950129694,3139.661154258875
1611187200,35511.8,35614.1,30056.1,30832.6,33340.257281292375,35188.33977283816,19490.8782645,12858.104129995996,-1033.262930170472,1848.0824915457852,2881.345421716257
1611273600,30832.5,33850,28800,33000,33315.05303823368,34851.672115478446,15198.77766201,12642.124275746995,-1075.7810755771925,1536.6190772447662,2612.4001528219587
1611360000,33000.1,33496.4,31350,32100.5,33225.086146512665,34428.4148669433,6099.11396014,12350.025078701496,-1127.2571459130609,1203.3287204306325,2330.5858663436934
1611446400,32101.1,33088.2,30950,32292,33155.968654178396,34099.73565664433,4828.26804529,11794.217652101996,-1109.4550911022097,943.767002465931,2053.2220935681407
1611532800,32297.8,34872.7,31908.7,32274.4,33090.66727238741,33818.91478639135,9125.57931546,11704.439636901994,-1059.9796636513558,728.247514003946,1788.2271776553018
1611619200,32266.9,32932.8,30816.2,32501,33046.98821517352,33616.15866540807,8853.04385382,11537.520434879496,-975.2453819366051,569.1704502345456,1544.4158321711507
1611705600,32509.2,32579,29255,30424.2,32852.70760664215,33125.08810149913,11177.08728048,11292.005288452996,-1017.6282698513355,272.3804948569814,1290.008764708317
1611792000,30422.6,33872.1,29900,33430.4,32895.49963577977,33172.05916280696,8816.48779189,11036.347035317496,-810.7593901449031,276.55952702718787,1087.318917172091
1611878400,33430.5,38621,32000,34261.7,32996.69966275905,33339.69621468281,20784.44273084,11776.215302155997,-595.4578921986653,342.9965519237594,938.4544441224247
1611964800,34266.3,34902,32865.2,34296.5,33092.98116922134,33486.8967970393,5251.37596528,11356.018161433996,-435.6310530435733,393.915627817958,829.5466808615313
1612051200,34297.4,34373.2,32200,33122,33095.13071224198,33430.75882826402,4625.29985591,10278.909268650996,-395.13485187159404,335.62811602203874,730.7629678936328
1612137600,33121.8,34700,32325.3,33533.9,33127.6321409648,33446.62670083879,5477.65375934,9869.189552103497,-329.4147264157167,318.9945598739869,648.4092862897036
1612224000,33534.1,36000,33462.1,35500,33303.363093485925,33762.53028532513,6823.84641944,9558.365840023996,-151.3936755604011,459.16719183920213,610.5608673996032
1612310400,35500,37676,35394.8,37670.9,33626.8843458203,34363.817933736646,7012.07882423,9387.881966374496,101.098176413396,736.9335879163482,635.8354115029522
1612396800,37676,38735.1,36202,36979,33875.18920909287,34766.1536362387,7172.17139342,9073.374007259996,204.1032125143031,890.964427145831,686.8612146315279
1612483200,36975.8,38340,36582.9,38296.7,34202.70852693784,35309.3146152789,4809.54280306,8872.513941224495,335.7958989676265,1106.606088341061,770.8101893734345
1612569600,38311.7,40986,38221.4,39257,34577.1004879054,35916.650828312915,9126.76729633,8877.957492498495,454.9921208272632,1339.5503404075134,884.5582195802502
1612656000,39257,39704.4,37410.5,38874.9,34895.456007319815,36371.76608549555,5135.54003709,8762.994137616493,473.40148687638475,1476.3100781757312,1002.9085912993464
1612742400,38867.1,46727.2,38075,46425.8,35749.55556233316,37918.54053388085,13645.82438631,9130.709116158994,932.8611041986737,2168.9849715476885,1236.1238673490147
1612828800,46425.7,48222,45050,46502.8,36546.092187345515,39239.19583636072,10569.26592496,9201.152278489993,1165.5838253329512,2693.1036490152037,1527.5198236822525
1612915200,46504.5,47340,43734.8,44847.5,37161.01128457918,40102.01186153599,6451.55893098,8549.186311813994,1130.784602619645,2941.000576956809,1810.2159743371637
1613001600,44839.5,48703.6,44046.2,47962.8,37961.14378201776,41311.363882838144,7958.57095807,8187.175976616994,1232.0033011865767,3350.2201008203847,2118.216799633808
1613088000,47979.9,48925,46263,47470.4,38665.53313149793,42258.90790086304,5329.28801848,8148.684679533993,1180.126375785047,3593.3747693651167,2413.2483935800697
1613174400,47438.2,48224.1,46285,47199.9,39297.70845509067,43019.0605314995,2631.80889729,8038.861722133994,1046.4829462630037,3721.3520764088244,2674.8691301458207
1613260800,47199.9,49700,47038.7,48649.7,39990.4485695284,43885.31275742265,3553.11213783,7760.238363252494,975.9960461987439,3894.864187894251,2918.868141695507
1613347200,48655.4,49043.3,45710.5,47937.1,40579.08941623,44508.66464089609,5337.99924266,7584.486132694494,808.5656663764626,3929.575224666085,3121.0095582896224
1613433600,47937.1,50599.9,47040.1,49218.7,41219.06057058334,45233.285465373614,6164.84310657,7333.873923998995,714.5722692005238,4014.224894790277,3299.6526255897534
1613520000,49185.6,52779.6,48967.4,52130,42027.27830609568,46294.31847070075,7315.05472229,7258.802270518996,773.9100312122564,4267.040164605074,3493.1301333928177
1613606400,52130,52555.1,50904.2,51600.9,42736.43546860711,47110.71562905448,4118.2056143,6425.490414691995,704.9200216436429,4374.280160447372,3669.3601388037287
1613692800,51590.5,56349.9,50683.4,55926.9,43713.50691537695,48467.05168612302,7713.05266355,6548.5742496054945,867.3477055538729,4753.54477074607,3886.197065192197
1613779200,55926.5,57500,53961.9,55938.7,44619.076773497174,49616.5360421041,5846.24681261,6609.621597440496,889.0097627317809,4997.459268606923,4108.449505875142
1613865600,55931.5,58339,55490.5,57478.3,45571.6118273122,50826.038189472696,3727.83573597,6522.1306962719955,916.7814850282857,5254.426362160499,4337.644877132213
1613952000,57475.9,57567.6,45002,54154.8,46207.40354380759,51338.15539109228,8995.88323567,6630.732537083497,634.4855761219842,5130.751847284693,4496.266271162709
1614038400,54128,54200,45000,48899.8,46406.84031834036,50963.0237924627,15286.70077677,7044.463634710497,47.93376236770746,4556.183474122343,4508.249711754635
1614124800,48899.6,51442.5,47015.7,49727.7,46652.82992438922,50772.97397823767,8106.98063383,7091.204096730998,-310.4845263249463,4120.144053848453,4430.628580173399
1614211200,49726.1,52071.9,46702,47061.5,46683.10178184187,50201.97798158572,7523.45749188,7226.899831171997,-729.4019043436401,3518.8761997438487,4248.278104087489
1614297600,47072.1,48449,44120.3,46314.5,46655.797946149876,49603.904445957145,10050.93808767,7273.108370738996,-1040.137283424176,2948.106499807269,3988.243783231445
1614384000,46307.2,48350,45022.9,46170.2,46619.82772791655,49075.6422235022,4235.54896417,7228.108817092997,-1225.9434301166375,2455.814495585648,3681.7579257022853
1614470400,46163.9,46706.2,43020,45245.4,46518.018266589395,48486.37418911725,6816.1859912,6886.626897337497,-1370.7216025395473,1968.3559225278514,3339.0775250673987
1614556800,45234.7,49818.1,45046.8,49620.7,46747.84654313833,48660.88585232998,7070.92019864,6711.709611021497,-1140.8305727006,1913.0393091916485,3053.8698818922485
1614643200,49615.3,50225.8,47050.2,48486.2,46876.613465868824,48634.01110581768,5796.81965376,6678.972647160497,-1037.1777935547166,1757.3976399488529,2794.5754335035695
1614729600,48495.9,52600,48160,50400,47137.605060989656,48905.70170492265,6708.18840891,6616.453519702496,-821.183031656461,1768.0966439329932,2589.279675589454
1614816000,50400,51820.4,47500,48330,47225.930612027456,48817.13221185763,7216.78759437,6710.828498496996,-798.4624606074258,1591.2015998301722,2389.664060437598
1614902400,48330,49539.3,46312,48734.7,47337.691307432826,48804.4503331103,7479.75867485,6953.225987374995,-738.3240278081016,1466.759025677471,2205.0830534855727
1614988800,48767.4,49232.2,47111.9,48899.9,47453.41046984521,48819.134897247175,3104.70756826,6930.805758896495,-671.4869008668834,1365.7244274019686,2037.211328268852
1615075200,48906,51470.2,48905.9,50962.3,47713.32821281964,49148.852605363,4519.00601948,6889.856097737495,-481.34954858039305,1435.5243925433606,1916.8739411237536
1615161600,50971.3,52432.9,49368,52375,48058.63723409225,49645.18297376869,4669.92258546,6815.110071681995,-264.2625611578512,1586.5457396764396,1850.8083008342908
1615248000,52383,54929,51875,54929,48567.55299452986,50458.0779008812,5880.25345094,6743.370008114494,31.77328441363943,1890.5249063513402,1858.7516219377007
1615334400,54922.7,57378,53051,55851,49107.06758752765,51287.75822382256,8091.71494883,6942.045474840995,257.5512114857661,2180.6906362949085,1923.1394248091424
1615420800,55859.9,58150.1,54286.3,57809.9,49751.72184030338,52291.16465092678,6091.59480918,6860.972582122495,493.0427086514096,2539.4428106234045,2046.400101971995
1615507200,57807,58069.5,55040.2,57234,50305.96466694757,53051.60085847651,4971.61542626,6817.241012804993,559.3888716455544,2745.636191528938,2186.2473198833836
1615593600,57238.9,61724.6,56073.2,61174.9,51111.07098791442,54301.33918794166,7245.63678712,6993.131065362492,803.2167041150851,3190.26820002724,2387.0514959121547
1615680000,61174.9,61639.2,59001,59001.1,51695.51758140224,55024.37931287371,3394.47205511,6713.060506334492,753.448188447454,3328.861731471472,2575.413543024018
1615766400,59001,60580,54593.8,55600,51984.738501298365,55112.93634166237,6711.98003023,6284.324469007492,442.2274378719876,3128.1978403640023,2685.9704024920147
1615852800,55627.6,56891.1,52500,56891.1,52348.17268638738,55386.49998140662,6381.12428361,6198.0316514964925,281.88551402178064,3038.3272950192404,2756.44178099746
1615939200,56891.1,58951,53752,58933,52835.937672580905,55932.11536888252,6490.94833867,6146.406193835992,271.7887322433253,3096.1776963016164,2824.388964058291
1616025600,58940.5,60000,57007,57640.9,53191.86080794528,56195.00531213136,5831.63114912,5935.440846908492,143.0044321022301,3003.144504186079,2860.1400720838487
1616112000,57640,59461.5,56243.1,58101.8,53555.56000735674,56488.35834103423,3859.35865644,5916.631331521992,58.1266092749147,2932.7983336774923,2874.6717244025776
1616198400,58085,59880,57545.2,58091.6,53891.56296977476,56735.01090395204,3369.76250794,5744.310157358993,-24.979032180236572,2843.447934177282,2868.4269663575187
1616284800,58080.5,58835.6,55536.5,57378.4,54149.84719423589,56833.993841805575,3889.19115123,5585.2237049884925,-147.42425503026516,2684.146647569687,2831.570902599952
1616371200,57368.8,58403.2,53775,54095.1,54145.79184651471,56412.62555845087,6153.51294203,5603.058369401992,-451.7897525310336,2266.8337119361604,2718.623464467194
1616457600,54098.2,55814.9,53011,54351.3,54161.0146726988,56095.498549458425,5011.343934,5518.216145656492,-627.311670166057,1934.483876759623,2561.79554692568
1616544000,54341.2,57200,51641.8,52293.8,54022.70247472111,55510.62184954174,7897.28001289,5552.240766582492,-859.1009376840393,1487.9193748206308,2347.02031250467
1616630400,52280.4,53219.9,50436.3,51314.9,53822.12451363066,54865.12618038147,6418.72821219,5499.189243449492,-1043.214916603088,1043.0016667508098,2086.216583353898
1616716800,51318.2,55107,51239.1,55062.2,53913.98195706543,54895.44522955355,4953.42329206,5591.625029639492,-883.8026486926199,981.463272488123,1865.265921180743
1616803200,55062.1,56668,54000,55852.4,54057.56847876429,55042.66904039147,3968.91582671,5564.120520000992,-704.1322876428508,985.1005616271796,1689.2328492700303
1616889600,55852.5,56550,54690.9,55782,54185.304147003975,55156.41226494663,3562.54681255,5508.751731355493,-574.4997850619006,971.1081179426546,1545.6079030045553
1616976000,55782.3,58619.7,54919,57624.2,54440.03717315183,55536.0719164933,5874.05182831,5508.441650223993,-359.65852773046686,1096.0347433414718,1455.6932710719386
1617062400,57627.5,59380,57055,58781,54761.58997514058,56035.29162164818,3928.58550804,5300.285178184493,-145.5932996514698,1273.7016465076013,1419.294946159071
1617148800,58781.1,59800,56813.8,58786.2,55059.70923624128,56458.50829524077,5432.42869541,5267.326872495993,-16.396709727666575,1398.799058999488,1415.1957687271545
1617235200,58780.4,59474.6,57917.1,58732.9,55331.79744096415,56808.414711357575,2445.66223046,5141.029212705993,49.137201333018766,1476.617270393428,1427.4800690604093
1617321600,58732.9,60025,58500,59020.7,55605.04948237421,57148.76629422564,4198.7419956,4988.684473129992,92.9893942328174,1543.716811851431,1450.7274176186136
1617408000,59020.7,59867.1,56955,57099,55715.712483679825,57141.10994126785,3552.82088064,4996.601914406492,-20.263968024468795,1425.3974575880275,1445.6614256124963
1617494400,57099,58495.6,56468.4,58195,55899.36341081465,57303.24687338049,2188.9765912,4770.451742454992,-33.42237043732348,1403.883462565842,1437.3058330031654
1617580800,58195.1,59278.1,56820,59120,56137.92908408764,57582.74735439888,3422.5214178,4622.521599164493,6.009949846459449,1444.8182703112398,1438.8083204647803
1617667200,59120,59462.8,57377.1,58017.1,56277.12692971078,57649.57083833752,2633.69312326,4429.6588383939925,-53.091529470434125,1372.4439086267375,1425.5354380971717
1617753600,58017.2,58652.1,55460,55928.5,56251.302712695164,57384.79070936251,5043.15330295,4390.234946085492,-233.6379531438597,1133.487996667347,1367.1259498112067
1617840000,55936.6,58159.1,55728,58036.9,56383.56917842145,57485.11521561443,2512.98708662,4322.916367594492,-212.4639300945812,1101.5460371929803,1314.0099672875615
1617926400,58037,58890.4,57538.3,58110,56511.452942982825,57581.25133628913,3098.45153987,4309.350819190991,-195.36925918500287,1069.7983933063078,1265.1676524913107
1618012800,58110,61207,57882,59775.6,56753.24161387299,57918.8434383985,5891.74647812,4409.478585535491,-79.65266237263995,1165.601824525511,1245.2544868981508
1618099200,59760.9,60652.6,59178.7,59956,56990.48297580832,58232.252140183344,2615.67300487,4232.586588677491,-2.788258018502802,1241.7691643750222,1244.557422393525
1618185600,59967.9,61200,59420,59823.7,57200.350903526225,58477.09027246283,3519.19528987,4157.97915647099,25.74555723446565,1276.7393689366072,1250.9938117021416
1618272000,59823.7,63882.5,59781.2,63587.2,57673.45083659836,59263.26099977624,6335.07056179,4079.8686839159905,271.0530811805943,1589.8101631778845,1318.7570819972902
1618358400,63581,64900,61315,62969,58065.71373759107,59833.374692118356,6019.81776003,4059.92316130799,359.12309802399795,1767.6609545272877,1408.5378565032897
1618444800,62963,63830,62050,63243,58449.216423695434,60357.932431792455,2859.75955315,3955.2399743624896,400.1425212749848,1908.7160080970207,1508.5734868220359
1618531200,63243.1,63593.1,60100,61455,58671.86705897725,60526.71205767054,5826.91034158,4048.13970010599,277.0172094970035,1854.84499869329,1577.8277891962866
1618617600,61455.1,62636.4,59702.4,60085.2,58776.5583879419,60458.787125721225,3141.81775841,4027.10324739899,83.52075886643115,1682.2287377793255,1598.7079789128943
1618704000,60085.2,60403.2,51017.1,56239.8,58588.650359205465,59809.712183302574,12577.43028465,4362.272170215991,-302.11692385262836,1221.061824097109,1523.1787479497373
1618790400,56227.5,57594.7,54228.9,55720,58376.15774000506,59180.525693563715,6648.64952388,4498.2753710079905,-575.0486355128648,804.3679535586562,1379.416589071521
1618876800,55720,57110.4,53388.3,56500,58237.183092597275,58768.13712532314,7803.21648333,4616.8147604039905,-678.7700450765244,530.9540327258655,1209.72407780239
1618963200,56500,56805.5,53600,53815.2,57909.62878944192,58006.146798350346,4784.93563962,4733.77843086199,-890.5648551151726,96.51800890842424,987.0828640235968
1619049600,53815.3,55459.4,50500,51730,57451.87850874252,57040.58575245029,10121.26324868,5029.904493515991,-1118.700496252659,-411.29275629222684,707.4077399604321
1619136000,51709.3,52124.4,47549.3,51178.7,56987.198619206036,56138.75717515025,11159.24338019,5410.22561849349,-1244.6793472129764,-848.4414440557885,396.23790315718793
1619222400,51178.6,51200,48746.4,50093.4,56476.54686963522,55208.702225127134,4039.45909297,5502.749743581991,-1331.266038132218,-1267.8446445080845,63.42139362413343
1619308800,50085.7,50580.4,47000,49106.5,55930.61747188446,54269.90188279988,5239.28585713,5593.587965548491,-1379.3095861669726,-1660.7155890845825,-281.4060029176098
1619395200,49112.6,54419.5,48828.6,54051.9,55791.453214707835,54236.3631315999,6729.25517904,5798.366068337491,-1018.9472641522597,-1555.0900831079343,-536.1428189556747
1619481600,54056.1,55500,53333.4,55078.7,55738.656680285036,54365.95341904607,3213.82542637,5706.8996745084905,-669.2483538266335,-1372.7032612389667,-703.4549074123331
1619568000,55077.4,56500,53868.4,54899.3,55676.48211137504,54448.00673919283,3678.87523673,5765.194082013991,-420.01637181589774,-1228.4753721822053,-808.4590003663076
1619654400,54886.1,55246.3,52390.2,53579.6,55521.157510532445,54314.40570239393,4527.77869891,5836.66043996599,-318.6342462177646,-1206.7518081385133,-888.1175619207487
1619740800,53579.7,57987.8,53071.6,57780,55688.47917641893,54847.57405587179,4816.82419072,5782.914325595991,37.7699530988865,-840.9051205471405,-878.675073646027
1619827200,57780.3,58525.5,57070,57859.2,55849.273311499004,55310.901124199205,2687.71981591,5786.516666147991,272.2423090769821,-538.3721872997994,-810.6144963767815
1619913600,57859,57959.5,56101,56618.5,55906.25306620278,55512.070182014715,2371.70518092,5729.14216070049,333.1452897509746,-394.1828841880633,-727.3281739390379
1620000000,56618.6,58981.4,56505,57193.5,56001.6046909285,55770.75169247399,3958.84291602,5610.330778411992,397.1801403876228,-230.85299845450936,-628.0331388421322
1620086400,57193.4,57214.4,53100.1,53239.4,55796.99693604491,55381.312970554915,5831.51364404,5600.915572612491,169.879338681709,-415.6839654899959,-585.5633041717049
1620172800,53201.1,57999.8,53000,57497.1,55922.93049633788,55706.81866739262,4971.78615975,5706.5169029424915,295.5611801811525,-216.11182894526428,-511.6730091264168
1620259200,57494.2,58420.2,55309,56421.1,55959.83194105359,55816.70810317837,3812.08482815,5605.77562727099,294.8393370009541,-143.12383787522413,-437.96317487617824
1620345600,56421,58700,55320,57383,56065.25179727184,56057.676087304775,4489.18454913,5673.143966806991,344.3099719272895,-7.575709967066359,-351.88568189435586
1620432000,57388,59521.4,57000,58953.8,56279.21833080726,56503.23361233481,4318.90529825,5260.217717486991,460.7207707375193,224.01528152754327,-236.705489209976
1620518400,58951.5,59264,56326,58293.1,56428.394750747466,56778.59767197561,4279.90854407,5141.780668496491,469.5267283504939,350.20292122814135,-119.32380712235253
1620604800,58320.5,59598.8,53470,55888.1,56388.37291735876,56641.59803013321,6558.94900359,5079.56729450949,298.0391359174386,253.22511277444573,-44.81402314299288
1620691200,55887.6,56949.9,54538.5,56747.5,56414.97492348034,56657.890640881946,3816.34383723,5031.13770438999,230.18379243568012,242.91571740160725,12.73192496592715
1620777600,56754.7,57983.6,48605,49502.7,55902.95455877809,55557.09208074626,8462.39814196,4948.194449053991,-286.87552239820394,-345.8624780318278,-58.986955633623836
1620864000,49502.7,51412.4,45000,49675.2,55441.63940627601,54652.1856067853,13342.39852271,5057.35220617999,-584.3734750856671,-789.4537994907078,-205.0803244050406
1620950400,49675.2,51540,48886,49899,55031.07352432964,53920.926282664484,5356.82052671,5123.220277866991,-724.0535338080892,-1110.1472416651523,-386.09370785706295
1621036800,49899,50827.3,46600,46771.1,54419.223633638554,52820.95300840841,5671.80945969,5144.8464579949905,-969.7415338984642,-1598.2706252301432,-628.529091331679
1621123200,46761,49828.8,43824.3,46482.4,53831.31077188755,51845.79100711481,8208.34279043,5218.800838564491,-1085.592538752849,-1985.51976477274,-899.9272260198911
1621209600,46474.7,46648.5,42111.2,43551.8,53069.86552952551,50569.79239063561,11237.71585193,5619.995359842491,-1280.1167302960073,-2500.0731388899003,-1219.956408593893
1621296000,43551.9,45823.4,42297.9,42895.2,52316.186601412504,49389.08586899936,7804.85576005,5826.294386008491,-1365.7154590553996,-2927.1007324131424,-1561.3852733577428
1621382400,42898.4,43562,29800,36742.3,51162.56537167825,47443.42650453792,31855.98081823,7192.70449197449,-1726.2028750260663,-3719.1388671403256,-1992.9359921142593
1621468800,36765.2,42559.8,35000,40614.6,50381.234603405785,46392.83781153209,14118.44902267,7657.785733571989,-1596.3686398075497,-3988.396791873696,-2392.0281520661465
1621555200,40609.6,42270.6,33533.9,37331.7,49414.60241056091,44998.81660975792,16996.84210584,8373.24184806849,-1619.0061189894723,-4415.785800802987,-2796.779681813515
1621641600,37329.1,38841.7,35250.2,37468.3,48529.69112088973,43840.27559287209,9118.92396811,8710.60278742799,-1514.1086769633016,-4689.415528017642,-3175.3068510543403
1621728000,37474.8,38269.7,31078.7,34718.8,47506.66214897197,42436.97165550715,14832.73851506,9254.29756737999,-1515.5069139283833,-5069.690493464819,-3554.183579536436
1621814400,34718.8,39989.9,34420.8,38833.8,46864.227915714786,41882.637554659894,11050.98657417,9515.27121388649,-1141.9254252147648,-4981.590361054892,-3839.6649358401273
1621900800,38843,39841.8,36500,38388.1,46236.3665886248,41345.01639240453,9236.12557708,9728.48818475299,-841.3482083041154,-4891.350196220272,-4050.0019879161564
1621987200,38373.3,40893.6,37828.7,39283.9,45721.36906354148,41027.92156280383,9203.32477178,9998.05018193449,-514.7564102571978,-4693.447500737653,-4178.691090480455
1622073600,39290,40398,37230,38516.4,45187.6676514273,40641.533630064776,5898.0065665,10068.49128280299,-293.95434470565397,-4546.134021362523,-4252.179676656869
1622160000,38537.1,38872,34719,35683.9,44483.68486243268,39878.82076390096,9021.54750598,10303.623393189491,-282.14753749987904,-4604.864098531718,-4322.716561031839
1622246400,35683.8,37300,33652.8,34616.6,43752.78968743767,39069.24833868543,5845.40830971,10381.898381471492,-288.6598301763197,-4683.541348752238,-4394.881518575919
1622332800,34631.9,36491,33423.2,35673.8,43154.34600688673,38546.87167119536,4455.06304471,10276.704083527491,-170.07425369235898,-4607.474335691368,-4437.400081999009
1622419200,35667.9,37512.8,34200,37303.8,42720.972228598825,38355.629875626844,6224.60594186,10397.117188758992,57.64618322162278,-4365.34235297198,-4422.988536193603
1622505600,37273.1,37934.3,35748,36676.3,42273.2187301841,38097.27143322271,5702.86612888,10259.14058810499,197.6329913857744,-4175.947296961385,-4373.58028834716
1622592000,36676.4,38209.2,35929.2,37565.3,41924.48400942972,38015.429674265375,6148.67978991,9899.454651464992,371.6207625462539,-3909.054335164343,-4280.675097710597
1622678400,37565.3,39471,37159.1,39196.6,41722.41852724974,38197.148185916856,5226.12100922,9892.91967559049,604.323805102169,-3525.2703413328854,-4129.594146435054
1622764800,39212.3,39249.8,35576.7,36847.7,41361.328265971984,37989.54077269888,4991.5174428,9858.90507474599,606.2453225295585,-3371.7874932731065,-3978.032815802665
1622851200,36857.6,37935.8,34825.9,35534.6,40929.71876478887,37611.85757689905,5532.75325986,9725.12559821749,528.137302330274,-3317.8611878898228,-3845.9984902200968
1622937600,35532.2,36479.5,35251.1,35789,40548.92478221192,37331.41794968381,3187.54640121,9322.61712568149,502.79332615358953,-3217.50683252811,-3720.3001586816995
1623024000,35783.2,36796.3,33334.3,33587.6,40033.271094640666,36755.44595742477,6165.92045486,9240.670360421991,353.98001717264015,-3277.8251372158993,-3631.8051543885394
1623110400,33578.6,34059.4,31017.4,33420,39543.39916170432,36242.30042551326,10548.3269432,8175.287666670491,264.56513455798404,-3301.0987361910593,-3565.6638707490433
1623196800,33409.7,37500,32420.4,37396.4,39384.36218676326,36419.85420620353,9354.95083487,7937.112757280489,480.92471215144724,-2964.5079805597343,-3445.4326927111815
1623283200,37398.9,38399,35803.7,36678.4,39183.92054329932,36459.630482172215,7724.33788718,7473.487546347489,576.9141052672626,-2724.2900611271034,-3301.204166394366
1623369600,36684.5,37654.3,35952.7,37322.2,39046.01531786974,36592.333484914954,5210.31614303,7278.057155093489,678.017866751667,-2453.6818329547823,-3131.6996997064493
1623456000,37322.2,37449.5,34680,35544.9,38786.673442471976,36431.189871851115,5622.17147845,6817.528803262989,620.9729032684704,-2355.4835706208614,-2976.456473889332
1623542400,35544.9,39409.4,34801,39034.6,38805.03837265923,36831.71450695094,6770.84628744,6603.5217889264895,802.5060865448327,-1973.3238657082911,-2775.829952253124
1623628800,39035.7,41068.9,38734.1,40530.8,38932.87256727707,37400.804582804645,9383.6892931,6610.899974727489,995.0095742245617,-1532.0679844724218,-2527.0775586969835
1623715200,40529.1,41341.8,39461.1,40166.6,39024.2597845158,37826.31157006547,6917.67193047,6496.617332661989,1063.3034753973193,-1197.9482144503345,-2261.251689847654
1623801600,40167.3,40493,38120,38337.1,38973.35905973685,37904.89440544001,6485.36065466,6525.98503706999,954.2296284406507,-1068.4646542968403,-2022.694282737491
1623888000,38337.1,39561.4,37405,38078.2,38907.05098123783,37931.55680460309,5998.8277368,6374.8490486109895,837.7600848822008,-975.4941766347401,-1813.254261516941
1623974400,38078.2,38193.1,35126,35824,38678.67683447947,37607.317296202615,6558.4688904,6410.50207764549,593.5157785920692,-1071.3595382768544,-1664.8753168689236
1624060800,35824,36450,34901,35490.5,38442.51558748099,37281.65309678683,4485.07665571,6412.002758195491,403.21026093980913,-1160.8624906941623,-1564.0727516339714
1624147200,35484.2,36112.2,33370,35595,38231.58850692685,37022.16800497347,6286.3064383,6415.08778301749,283.7217997444759,-1209.4205019533765,-1493.1423016978524
1624233600,35595.7,35750.8,31260,31655.2,37744.44861752486,36196.480619592934,11395.95989903,6699.74247152499,-43.86055698725909,-1547.9679979319262,-1504.1074409446671
1624320000,31620.6,33290,28816.6,32516.2,37357.17094215265,35630.28360119402,16188.93102211,7201.755033134989,-178.22392001116486,-1726.887340958623,-1548.6634209474582
1624406400,32516.5,34879.4,32402.3,33683.3,37085.03235384505,35330.74766254879,6268.26459436,7253.8622123919895,-164.49701627903823,-1754.284691296256,-1589.7876750172177
1624492800,33685.8,35311.2,32333,34666.6,36905.88921652319,35228.571099079745,4814.3243243,7245.0025564669895,-70.02435394098029,-1677.318117443443,-1607.2937635024628
1624579200,34669.6,35509.1,31278.3,31583.7,36511.65297826221,34667.82169922132,6444.51119144,7290.590453045988,-189.230012430741,-1843.831279040889,-1654.601266610148
1624665600,31577.3,32691.1,30179,32277,36197.974979872415,34300.00297626419,5160.37265399,7389.231765684987,-194.696589598459,-1897.9720036082217,-1703.2754140097627
1624752000,32275.9,34700,32025,34675.3,36085.184240622606,34357.740979915856,4214.10806148,7291.641146015987,-19.334277357590054,-1727.4432607067502,-1708.10898334916
1624838400,34700,35288.1,33872.6,34472,35965.6891116876,34375.31929069803,3680.10739483,6948.230168597487,94.19132988767478,-1590.3698209895665,-1684.5611508772413
1624924800,34475.9,36643.2,34268,35903.3,35961.067696007034,34610.39324597526,4467.51532235,6703.858392971488,267.10936067637476,-1350.6744500317727,-1617.7838107081475
1625011200,35876.6,36090.7,34066,35046.2,35893.29971852503,34677.440438902144,5221.02360866,6578.692679045487,321.5396248682107,-1215.859279622884,-1537.3989044910948
1625097600,35070.4,35070.4,32717.2,33532.4,35718.41825789354,34501.280371378736,4018.47695597,6519.100719692488,256.20881438103015,-1217.1378865148072,-1473.3467008958373
1625184000,33513.6,34000,32721.4,33802.9,35576.528016568096,34393.83723732047,2758.0514738,6375.894719459988,232.52473731856844,-1182.6907792476268,-1415.2155165661952
1625270400,33802.8,34930,33348.9,34685.4,35510.51853385935,34438.693046963475,2772.05699173,6175.955254674488,274.71202373625556,-1071.8254868958757,-1346.5375106321312
1625356800,34685.3,35948.9,34381.1,35305,35495.294938758656,34571.971039738324,1575.85747848,5785.563663943488,338.5708892894395,-923.3238990203317,-1261.8947883097712
1625443200,35305.1,35305.1,33080.3,33697.6,35362.13235070246,34437.45241824012,3947.92736985,5637.076435912489,269.7718846779487,-924.6799324623353,-1194.451817140284
1625529600,33700.1,35113.4,33555,34235,35278.641065465235,34406.30589235703,2949.24908488,5460.2708574234875,257.6933152256611,-872.3351731082075,-1130.0284883338686
1625616000,34215.4,35065.4,33825.5,33885.1,35175.4158013567,34326.120370455945,3121.11041176,5316.384991171488,224.58644594649127,-849.2954309007546,-1073.8818768472458
1625702400,33885.1,33946.8,32112.6,32882.2,35005.547964219164,34103.97877500118,5379.87658215,5257.455375758987,137.85015010341112,-901.5691892179821,-1039.4193393213932
1625788800,32878.4,34088,32273.3,33791,34915.58144835108,34055.82819423177,2699.30888779,5168.166987362988,143.7328681616691,-859.7532541193068,-1003.4861222809759
1625875200,33820.7,34252.8,32968.2,33522.2,34812.368007732475,33973.73154896534,2916.1599983,4999.659665362988,131.8797308110734,-838.6364587671342,-970.5161895782076
1625961600,33516.5,34612.1,33335.1,34246.9,34770.481488641184,34015.75746450914,1476.82314333,4503.702827577988,172.63373235692848,-754.7240241320469,-927.3577564889754
1626048000,34246.9,34665.7,32678,33107.3,34647.282859852945,33875.99477766158,2411.81951801,3814.847252372988,124.85573943808902,-771.2880821913641,-896.1438216294531
1626134400,33101.8,33340.7,32204,32722.9,34504.73598134532,33698.59558109826,2830.18281021,3642.943163165487,72.00273710591523,-806.140400247059,-878.1431373529742
1626220800,32722.9,33114.5,31555.6,32815.2,34379.58516791234,33562.688568621605,3399.48757223,3572.2013255619872,48.997230449793506,-816.8965992907324,-865.8938297405259
1626307200,32815.2,33188.3,31150.1,31832.6,34190.91959991883,33296.521096525976,3346.7163512,3417.311583549987,-22.8037389218631,-894.3985033928548,-871.5947644709917
1626393600,31868.5,32250,31050,31405.9,33984.6218517767,33005.656312445055,3545.77002185,3336.581451942987,-85.89661988852072,-978.9655393316425,-893.0689194431218
1626480000,31405.9,31934.4,31175.2,31510,33801.31652942287,32775.55534129966,2493.57716534,3250.554907135987,-106.15381494406881,-1025.7611881232078,-919.607373179139
1626566400,31503.3,32440.4,31133.4,31780.1,33651.596786502654,32622.408365715095,1750.63805531,3154.081440159987,-87.66483808673615,-1029.1884207875592,-941.523582700823
1626652800,31783.9,31894.6,30415.1,30820.5,33441.885913428385,32345.19169406662,3015.01589352,3081.456468718487,-124.13650932875373,-1096.6942193617651,-972.5577100330114
1626739200,30827.2,31065.9,29288.6,29788.1,33171.23510502628,31951.792971902523,4981.12477971,3069.461527270987,-197.5075384725967,-1219.4421331237572,-1021.9345946511605
1626825600,29788.1,32844.4,29505,32125,33093.736208357666,31978.440206994444,5660.08802763,3151.542080853987,-74.68912536964899,-1115.2960013632219,-1040.6068759935729
1626912000,32125,32607.9,31722.4,32283.3,33033.70389662747,32025.341713610684,2665.92697389,3146.9358558584872,25.79575438142888,-1008.3621830167867,-1034.1579373982156
1626998400,32283.3,33639,32015.1,33639,33078.54064502544,32273.596834593656,2340.25370689,3125.345691616487,183.37130157314732,-804.9438104317815,-988.3151120049288
1627084800,33639,34525.9,33431.8,34284.6,33167.87837502355,32582.981936963864,1796.60043371,3136.382839377987,322.7349391561926,-584.8964380596881,-907.6313772158807
1627171200,34281.7,35436,33869.9,35413.6,33334.22812502181,33018.46163896942,2190.29105584,3048.501023677487,473.4919129307947,-315.76648605238734,-789.258398983182
1627257600,35421.2,40533,35254.9,37274.9,33626.129745390564,33673.2983098972,10290.15711038,3415.546424952487,669.1415707918569,47.168564506639086,-621.9730062852178
1627344000,37270.3,39524.3,36406.8,39506.2,34061.69050499126,34570.66780068225,5033.90785498,3511.186297113487,904.7602415809641,508.9772956909874,-395.78294588997676
1627430400,39475.1,40919.1,38805,40011,34502.38009721413,35407.64198519267,7208.00997377,3602.5929666944867,1040.835867094811,905.2618879785368,-135.57397911627402
1627516800,40025.4,40625,39267.2,40000,34909.6112011242,36114.158602855336,3197.09061471,3627.482053040487,1072.0971046779275,1204.5474017311353,132.45029705320786
1627603200,40000,42306.8,38345.1,42229.6,35451.83259363352,37054.99574087759,5116.81915079,3737.5150106649867,1176.5702801526907,1603.1631472440713,426.5928670913806
1627689600,42234.9,42400,41060.9,41488.5,35898.99314225325,37737.073319204115,2941.32014335,3810.739860665987,1129.1898478875848,1838.0801769508616,708.8903290632768
1627776000,41500.2,42598.7,39413.5,39889.1,36194.556613197456,38068.15434701887,3446.98060983,3862.4979152569877,931.76592380651,1873.5977338214143,941.8318100149042
1627862400,39889.9,40440.8,38700,39152.3,36413.64871592357,38234.94598593904,3504.70836076,3896.224192784488,703.5723680004537,1821.2972700154714,1117.7249020150177
1627948800,39152.4,39791.1,37655,38163,36543.230292521825,38223.87737271765,2952.96871944,3873.8982501449877,450.3377425446479,1680.6470801958276,1230.3093376511797
1628035200,38163,39950,37527.9,39749,36780.694715297985,38458.511623068785,3259.23334718,3869.5240999439875,358.00605609569675,1677.8169077708008,1319.810851675104
1628121600,39749,41403.5,37355,40886.4,37084.82103268332,38832.03291182743,4715.12051213,3927.991624457988,341.9208219752047,1747.2118791441098,1405.2910571689051
1628208000,40886.5,43401.9,39900,42823.9,37509.9379932253,39446.16631000783,5168.03548276,4061.714540328988,424.74980769089984,1936.2283167825299,1511.47850909163
1628294400,42861.7,44721.8,42495,44610.7,38035.9203640975,40240.70995462201,4617.87051633,4205.0761633799875,554.6488651463037,2204.7895905245095,1650.1407253782058
1628380800,44612.1,45348,43320,43845.6,38466.26700379398,40795.3084231417,3667.28592934,4237.689665170988,543.1205551756107,2329.041419347719,1785.9208641721084
1628467200,43845.6,46484.1,42827.7,46307.1,39047.069447957394,41643.276358042975,5654.00111905,4271.333482137988,648.2288367307779,2596.2069100855806,1947.9780733548027
1628553600,46300.8,46688,44666,45595.1,39532.1087481087,42251.249226036365,3081.95009446,4142.426585479488,616.9299236582888,2719.1404779276636,2102.210554269375
1628640000,45606.9,46736.4,45373.5,45571.7,39979.485877878426,42762.08780664615,3504.45567656,4184.353020612987,544.3130995986812,2782.6019287677263,2238.288829169045
1628726400,45570,46195.4,43800.1,44401.1,40307.01284988743,43014.24352870059,3567.19495677,4245.700083106987,375.1534797152867,2707.2306788131536,2332.077199097867
1628812800,44401.1,47898.5,44251.2,47823.3,40863.77486100688,43754.09837043896,3816.14935216,4346.677529029488,446.59704826736834,2890.323509432077,2443.726461164709
1628899200,47823.2,48164,46042.5,47115.2,41326.84338982119,44271.19092883296,2970.19914208,4385.672933341488,400.4968622776528,2944.3475390117746,2543.850676734122
1628985600,47111.8,47385,45550,47019.3,41748.50684242703,44693.976939781736,2101.35909566,3976.233032605488,321.2955364964687,2945.470097354708,2624.174560858239
1629072000,47023.7,48072.6,45697.4,45926.3,42057.97300224725,44883.56510289224,2739.39057218,3861.5071684654877,161.13403182939783,2825.592100644986,2664.4580688155884
1629158400,45926.2,47172.3,44401.2,44672.2,42251.619446525234,44851.04739475497,3291.66244845,3665.6897921994873,-52.02409646868273,2599.427948229735,2651.452044698418
1629244800,44672.3,46000,44250,44714.7,42434.06985789374,44830.070872484976,3211.81374825,3666.4259488764874,-204.36082408574384,2396.0010145912383,2600.361838676982
1629331200,44720.2,47062.2,44000,46765.3,42754.90172027198,45127.79843056421,2627.81529413,3541.9757560434873,-181.97210270779988,2372.8967102922325,2554.8688130000323
1629417600,46770.8,49400,46662.9,49345.4,43243.08677802961,45776.66021047741,3541.23372143,3571.9714349474875,-17.03630444178907,2533.573432447796,2550.6097368895853
1629504000,49345.5,49790,48267.6,48865.4,43659.554424101494,46251.85094732704,2697.47503994,3534.4961564529876,33.34942906876768,2592.2965232255447,2558.947094156777
1629590400,48865.3,49532.3,48058.1,49293.6,44076.89113342731,46719.81234004596,1740.18402632,3446.269939730987,67.17928996950013,2642.921206618652,2575.741916649152
1629676800,49293.4,50500,49060,49517.3,44479.884382803066,47150.195056961966,3119.26102911,3454.584555214487,75.65500600779842,2670.3106741589,2594.6556681511015
1629763200,49517.2,49867,47601.1,47725.4,44720.292947039874,47238.68812512166,3149.29294249,3449.0875349799876,-61.00839205545071,2518.395178081788,2579.4035701372386
1629849600,47715.1,49245,47146.3,48991.3,45036.66383985174,47508.320721256794,2608.10974936,3343.7369968414873,-86.19735098574665,2471.656881405055,2557.854232390802
1629936000,48991.4,49350,46284.8,46848.9,45170.90355541828,47406.87137952498,3175.30347867,3244.100396636987,-257.50912662728024,2235.9678241067013,2493.4769507339815
1630022400,46846.7,49174.9,46386.4,49074.9,45460.088477239144,47663.49116729037,2672.22120021,3146.8179308309873,-232.05940854620485,2203.4026900512254,2435.46209859743
1630108800,49074.9,49314,48393.9,48895.7,45714.57821966588,47853.061756938005,1300.71840626,3028.489554676987,-237.58284906024164,2138.483537272128,2376.06638633237
1630195200,48895.7,49653.9,47800,48787.7,45942.216870061,47996.85225587062,2232.52440756,2857.415719102487,-257.1448004182007,2054.635385809619,2311.7801862278197
1630281600,48787.7,48900,46861.6,46985.7,46019.511916723146,47841.29037035206,2528.07798392,2829.722113575487,-392.00138607912686,1821.778453628911,2213.779839708038
1630368000,46987.1,48248,46715,47140,46102.51103400291,47733.39954414405,2213.35684346,2765.167171920487,-466.31306365352157,1630.888510141136,2097.2015737946576
1630454400,47140,49137.3,46550,48872.2,46307.67317963233,47908.599614275736,2574.82496729,2715.548672446487,-397.02011132100097,1600.9264346434065,1997.9465459644075
1630540800,48872.1,50372.9,48622,49290.3,46528.60849965957,48121.16890438716,3436.66451617,2696.574430646987,-324.30891298945244,1592.560404727592,1916.8693177170444
1630627200,49290.2,51009.7,48356,50018.6,46787.12638857367,48413.08138063529,3628.82427331,2729.505687208487,-232.73146052434026,1625.9549920616191,1858.6864525859594
1630713600,50022.9,50559.5,49363.6,49956.1,47021.86517460525,48650.46886053755,1604.31873364,2704.653669107487,-184.06621332292798,1628.6036859322994,1812.6698992552274
1630800000,49956.1,51890.9,49512.4,51767.9,47373.42330981968,49130.07365122408,1807.72703411,2658.070492203987,-44.81564628066326,1756.6503414043982,1801.4659876850615
1630886400,51768,52800,51025.5,52688.3,47767.11787946267,49677.49308949729,2977.7958553,2642.3771625464874,87.12737787965057,1910.3752100346246,1823.247832154974
1630972800,52688.2,52900,42000,46882.1,47701.56099950247,49247.43261419002,8784.1975246,2920.9963513639873,-221.90097397394334,1545.871614687545,1767.7725886614883
1631059200,46889.5,47362.4,44444,46073.4,47580.95648102081,48759.119904314626,3486.85659567,2963.948416440987,-471.68733229413783,1178.1634232938159,1649.8507555879537
1631145600,46064.3,47399,45498.7,46389.6,47492.707852797044,48394.57838057391,2319.02280703,2902.837870720987,-598.3841822488689,901.8705277768677,1500.2547100257366
1631232000,46389.7,47035.8,44135.2,44842.2,47296.37393777504,47848.05862971639,3303.07297039,2933.117767243487,-758.8560144675084,551.684691941351,1310.5407064088595
1631318400,44842.2,45992.4,44741,45137.4,47136.44994238429,47431.034225144635,1239.97337633,2908.107234743987,-812.7651389188147,294.584282760341,1107.3494216791557
1631404800,45148.8,46487.9,44770,46061.3,47056.809205911384,47220.30588281469,1202.06666163,2812.2475163699874,-755.0821958206803,163.49667690330534,918.5788727239857
1631491200,46061.3,46879,43374.9,44965.8,46901.919635103135,46873.458823920126,3673.51904919,2838.4588217049873,-757.631747125596,-28.460811183009355,729.1709359425867
1631577600,44965.8,47260,44700,47145.9,46919.992254725126,46915.372851009335,2114.13267011,2813.759967742487,-587.0322717267022,-4.6194037157911225,582.4128680109111
1631664000,47110.5,48481,46744,48152.3,47011.274309930675,47105.669335469436,2151.18720019,2762.554153818487,-390.4142739777202,94.39502553876082,484.809299516481
1631750400,48152.3,48485.8,47030.1,47786.9,47068.72806475063,47210.47405308952,2289.67394172,2743.426790893987,-274.45064894206905,141.74598833889468,416.1966372809637
1631836800,47786.9,48185.9,46745.7,47269.7,47083.6148747691,47219.585737229594,2007.83571876,2778.782656518987,-224.18061985637314,135.9708624604973,360.15148231687044
1631923200,47269.7,48800,47077.9,48309.9,47174.450809971386,47387.32639304043,1277.08379196,2731.010625738987,-117.82071939826238,212.87558306904248,330.69630246730486
1632009600,48306.9,48379.1,46851.2,47237.8,47179.1433425661,47364.32233257267,1219.51050215,2665.5822516504873,-116.41384996858744,185.17899000657053,301.592839975158
1632096000,47247.3,47307.7,42510,42992.9,46869.05124311676,46691.795819869185,5755.78647313,2842.703733133987,-383.07861057818565,-177.25542324757407,205.82318733061157
1632182400,42992.9,43624.7,39579,40710.6,46412.86966955256,45771.61184758162,7259.61267188,3076.943118363487,-677.6648074412408,-641.2578219709394,36.40698547030138
1632268800,40710.5,44024.2,40600,43562.8,46201.75339773385,45431.79464026137,3430.28601932,3076.6241935209873,-645.0925943542303,-769.9587574724865,-124.8661631182562
1632355200,43563.3,45000,43111.6,44889.8,46104.571664568386,45348.410849451924,4171.04314642,3103.7351371764876,-505.0357215985646,-756.1608151164619,-251.12509351789734
1632441600,44888.9,45153,40750,42833.2,45862.24783756332,44961.45533415163,4407.09719872,3243.8740604304876,-519.733927915036,-900.7925034116925,-381.0585754966564
1632528000,42831.7,43021.7,41705.1,42710.1,45628.75540515123,44615.092975051375,1058.57183586,3206.4163005179876,-506.08308368255643,-1013.6624300998519,-507.5793464172955
1632614400,42710.1,43930.4,40802.7,43204.6,45449.18833810299,44398.094055812704,2250.76323745,3170.0646696254876,-434.8119486983933,-1051.094282290287,-616.2823335918938
1632700800,43175.2,44333,42120.7,42176.3,45206.752164910176,44056.27958568768,1977.89964159,2829.749775474988,-427.35219650448494,-1150.4725792225,-723.120382718015
1632787200,42176.3,42750,40875.6,41038.4,44897.98533787979,43591.9904186588,2231.71257206,2766.992574294488,-466.2996292023797,-1305.9949192209897,-839.69529001861
1632873600,41016,42579.9,40772.2,41524.8,44648.1197572961,43273.96112348053,1707.74975383,2736.4289216344882,-427.57067503757264,-1374.1586338155757,-946.5879587780031
1632960000,41523.9,44100,41423.7,43798.7,44585.199775274166,43354.6901814066,3053.23090867,2723.936818548488,-227.13730807165018,-1230.5095938675659,-1003.3722857959157
1633046400,43798.7,48475,43300.3,48163.7,44850.2738659946,44094.537845805586,6512.03024789,2987.5396621264877,198.1090124855234,-755.7360201890115,-953.8450326745349
1633132800,48168.8,48349.2,47487.1,47662,45058.54987592092,44643.37817722011,1621.17649347,3008.4951537184875,430.9386671789789,-415.17169870081125,-846.1103658797902
1633219200,47657.3,49257.9,47131.1,48230.2,45293.486922149,45195.196919186244,1653.13750113,2907.4760763154873,598.2562903336271,-98.29000296275626,-696.5462932963834
1633305600,48228.6,49500,46895.8,49243.3,45586.06566865648,45817.98200854221,2828.92263936,2943.215574777988,742.7701065456885,231.9163398857272,-510.85376665996125
1633392000,49239.2,51888,49084.3,51487,46023.17191542267,46690.13862261264,4047.31458904,3038.021944220488,942.2563790799488,666.9667071899748,-275.289671889974
1633478400,51492.9,55770,50366.4,55350.2,46714.062884650615,48022.455757595315,7379.34314845,3292.5054045569877,1266.946035867739,1308.3928729446998,41.446837076960776
1633564800,55350.2,55352.2,53399.8,53817.3,47240.22859689872,48913.97025642681,3074.65033031,3345.8461351344877,1305.835857960902,1673.7416595280883,367.9058015671863
1633651200,53817.4,56114.1,53685,53960.5,47738.02647860993,49690.35944774576,2595.44015122,3411.7639530974875,1267.5417340549152,1952.3329691358304,684.7912350809152
1633737600,53960.9,55515.1,53700,54960.2,48273.002295009195,50501.10414809256,1220.39617158,3411.808236568987,1234.6484944019624,2228.101853083368,993.4533586814057
1633824000,54967.4,56500,54118.6,54677.5,48747.40953241592,51143.62658684755,2295.10818143,3238.774321983987,1122.2109566001814,2396.2170544316323,1274.006097831451
1633910400,54678.9,57837.7,54450.2,57499.5,49395.71253001474,52121.45326579408,2787.09612904,3015.148494841987,1161.3877103583127,2725.740735779342,1564.353025421029
1633996800,57482.8,57673.8,54019.2,56010.1,49885.667157421056,52719.70660951807,3699.83673303,3028.6260305274873,1015.7491413407886,2834.039452097015,1818.2903107562263
1634083200,55991.9,57777,54271.2,57381.2,50440.891812426904,53436.85943882298,3017.4304618,2970.945396296487,942.1418525118825,2995.967626396079,2053.8257738841967
1634169600,57381.2,58580.4,56825,57377.6,50954.72204854343,54043.127217465604,2594.17461395,2880.299267057987,827.6635160303822,3088.405168922174,2260.741652891792
1634256000,57357.1,62887.5,56888.5,61656.2,51747.42411902169,55214.36918400936,5168.07233194,3085.774291861987,964.9627296767003,3466.945064987667,2501.982335310967
1634342400,61669.8,62400,60162,60873.4,52423.42233242749,56084.989309546385,1963.72806446,3071.422533212487,927.6677134463398,3661.5669771188914,2733.8992636725516
1634428800,60868.5,61674.3,58900.2,61526.5,53097.724381877306,56922.1448003854,2142.26443974,3079.640773119987,872.4169238684358,3824.420418508096,2952.0034946396604
1634515200,61526.1,62672.6,59900,62037.7,53759.94479803454,57709.153292633804,3406.19056422,3138.364672727987,797.7639999676803,3949.208494599261,3151.4444946315807
1634601600,62009.6,64448,61320,64284.9,54539.571109291246,58720.8066322286,3564.49206667,3231.201788369987,823.832822644621,4181.235522937357,3357.402700292736
1634688000,64291.6,66982.2,63546.2,66035.8,55391.143619714116,59846.19022727036,3549.62292947,3256.021389409987,878.1151258108061,4455.0466075562435,3576.9314817454374
1634774400,66035.7,66637.8,54100,62198,55895.355203438994,60208.007115382614,6480.46357995,3254.443056012987,588.5763441585459,4312.65191194362,3724.075567785074
1634860800,62197.4,63757.9,60034.2,60687.5,56250.32889207314,60281.77525147759,2968.70503913,3321.8194832959875,245.89663329550103,4031.44635940445,3785.549726108949
1634947200,60687.5,61713.9,59610.4,61296.9,56624.1489741418,60437.94828971181,1276.37709253,3302.981462865988,22.599671568848407,3813.7993155700096,3791.1996440011612
1635033600,61297.6,61450,59523,60882.5,56939.58238346463,60506.34086052537,1443.19001317,3233.694831556488,-179.5529335523347,3566.7584770607427,3746.3114106130774
1635120000,60865.1,63700,60674,63081.8,57394.561466170955,60902.56534352147,2256.60065874,3144.1591350414883,-190.64602661005028,3508.003877350515,3698.649903960565
1635206400,63081.7,63288,59824.2,60310.2,57610.53469089903,60811.432213748936,2574.26550076,2903.905252656988,-398.20190488852904,3200.897522849904,3599.099427738433
1635292800,60325.1,61477.1,58140.6,58500.1,57676.428417499104,60455.842642402946,3954.31807153,2947.8886397179876,-655.7481622676733,2779.4142249038414,3435.1623871715146
1635379200,58500.1,62490,57948,60613.5,57893.98927546213,60480.0976204948,4393.97638147,3037.8154512304877,-679.2432337110758,2586.1083450326696,3265.3515787437454
1635465600,60604.5,62950,60223.5,62246.5,58216.39747727975,60751.851832726374,2725.25641851,3113.0584635769874,-583.917778637699,2535.454355446622,3119.372134084321
1635552000,62246.4,62359.2,60741.1,61866.3,58486.76062711088,60923.30539692232,1202.80701854,3058.4434054324875,-546.2618914183072,2436.5447698114367,2982.806661229744
1635638400,61879.2,62422.8,60051,61380.1,58701.08206213971,60993.5814897035,1518.03039144,2994.9901185524877,-552.2457869327595,2292.4994275637946,2844.745214496554
1635724800,61380.1,62500,59449.1,60954.5,58868.001909388615,60987.56895282604,2649.55088957,2942.4758263794874,-580.1425368473024,2119.567043437426,2699.7095802847284
1635811200,60954.5,64327,60665.9,63279.7,59194.79436054501,61340.204498545114,2728.46636,2928.027621289487,-443.43955382770173,2145.410138000101,2588.849691827803
1635897600,63279.8,63550.4,60810.3,62942.9,59472.431815319454,61586.77303723048,2573.43392899,2926.990587041487,-379.60677593342234,2114.341221911025,2493.9479978444474
1635984000,62938,63115,60644.2,61449,59618.84427344394,61565.57718534887,1869.32799097,2762.053369992987,-437.77206875161255,1946.7329119049318,2384.5049806565444
1636070400,61448.9,62631.9,60804.4,61006.2,59721.61136429994,61479.51915683366,1430.9820694,2735.4160702399868,-501.2777504982605,1757.9077925337187,2259.1855430319793
1636156800,61007.4,61602.1,60129.8,61536.3,59856.032744722164,61488.25467116694,1337.98498424,2695.2020974649868,-501.5708932697612,1632.2219264447776,2133.792819714539
1636243200,61535.4,63317.8,61388,63317.8,60112.45994881682,61769.72318329511,1554.00196888,2602.592667697987,-381.22366818899854,1657.2632344782905,2038.486902667289
1636329600,63319.6,67777.7,63319.6,67559.8,60664.11476742298,62660.50423201894,3859.96266718,2617.366197723487,-33.67795045706407,1996.389464595959,2030.067415053023
1636416000,67550.8,68495,66500,66745.1,61114.55811798424,63288.903580939106,2266.03275444,2553.1866889719868,115.42243832147369,2174.345462954865,2058.9230246333914