time,open,high,low,close,Volume,vma,positiveDI,negativeDI,ADX,squeeze_momentum,squeeze,adl
1636119000,61586.2,61953.4,61586.1,61777.1,36.729369539999965,13.637519265000407,26.670792988662473,23.6595655501481,23.74006789012395,-265.53360714287555,0,12022.951083137077
1636119900,61778.4,61848.3,61680,61823.9,10.292430259999994,13.960554007500406,25.090169039776843,22.257399669865105,22.856657488236458,-148.06432142858978,0,12030.259136708497
1636120800,61823.9,61847,61676.3,61676.3,7.843544569999996,13.549685045500405,23.564748707782314,21.035986130581573,21.343201678091532,-64.04475000001753,0,12022.415592138497
1636121700,61676.2,61743.7,61651.2,61658.1,10.002000380000005,13.872859357000404,22.757327597940684,21.244966999396222,19.664929975063608,7.977678571409797,0,12013.90578208546
1636122600,61658,61658.1,61432.7,61432.7,12.095898699999998,13.093745844000406,20.879902514746504,27.48952511497858,17.909525409162246,19.640321428551488,0,12001.80988338546
1636123500,61432.6,61533.7,61280.8,61329.1,25.099504089999993,13.886391807500406,18.98720189649126,30.4422371634407,16.833013329726533,15.458607142837195,0,11986.297615733158
1636124400,61343,61360.6,60960,61051.3,74.90934074,17.235314341000407,16.444370782255536,37.089880338419235,18.9062771815105,-31.83189285716179,0,11945.533171695915
1636125300,61051.2,61126.9,60933.5,61063.8,29.951789640000023,18.230969338500408,15.373909239590505,35.56743578657146,20.058882922060892,-68.30653571430457,0,11955.940411943113
1636126200,61086.3,61162,60850,60850.1,16.04746588000001,17.365485803000407,13.811879179672143,34.67286346216884,21.359618566034637,-150.5306785714475,0,11939.903232900215
1636127100,60850,60974.8,60827.5,60876.3,42.06335792000002,19.27595889950041,13.133431853005881,33.72002692328019,22.72552471939471,-216.61089285716028,0,11925.710776086748
1636128000,60876.3,60952.7,60804.4,60913.9,38.928505480000005,20.05546198550041,12.46933743470944,32.80259784010683,23.65512185376335,-277.79800000001615,0,11944.269409515178
1636128900,60912.5,61062.9,60912.4,60984.1,18.906946029999993,20.58948730550041,15.650901095484674,31.08477127905072,24.358567508815074,-315.31289285715894,0,11943.377453921736
1636129800,60973.3,60973.5,60904.1,60911.9,24.02199529,20.88470176000041,15.195367458465952,30.48199464817086,25.093640382893692,-356.29096428572893,0,11924.755215498077
1636130700,60904.1,60998.8,60900,60932,28.64494995000002,21.469450157000413,15.583400669677308,29.345986469298772,26.079816198117673,-412.6956785714428,0,11914.665698714069
1636131600,60931.9,60961.9,60895,60918,28.73106587,22.242053694500413,15.171104655353204,28.767306734097353,27.862733903090565,-453.8924642857271,0,11905.689924772618
1636132500,60917.9,60948.7,60884,60884,11.407280849999996,22.437619928500414,14.76426655021934,28.451788512055646,29.697689838078325,-500.8741428571559,0,11894.282643922617
1636133400,60884.1,61138.7,60842.8,60979.7,15.038079389999993,22.542131440000414,20.533127722132438,25.132361765777254,30.01210392468476,-525.8615357142991,0,11893.159488956348
1636134300,60976.3,61052,60950,61017.7,4.486778099999999,22.400162856000414,19.68074442907683,24.08905235991957,30.486001860862096,-518.2627142857285,0,11894.628688843994
1636135200,61017.8,61123,60989.7,61039,10.398476699999998,22.668503392000414,21.53448336834553,22.759350299944906,29.707462214684462,-497.0328214285863,0,11891.921808562749
1636136100,61026.6,61388.9,61023.3,61260.7,31.697570929999976,23.864817515500413,28.711276335682616,19.568838241907383,29.404727884523812,-431.35039285715754,0,11901.389463774882
1636137000,61261.6,61261.6,61116.5,61150.5,2.5651818999999993,22.156608133500416,27.08824358000298,18.462622513777617,28.00267014090244,-360.2331071428718,0,11900.026434660547
1636137900,61148.1,61400,61131.1,61228.3,14.579878910000005,22.370980566000416,29.559993371120868,16.590856080306697,27.17844737311729,-263.78257142858627,0,11895.987011161867
1636138800,61228.2,61228.2,61101.2,61194.2,8.83633791,22.420620233000413,28.10938861840997,16.931126395641773,25.877901945538476,-175.92314285715813,0,11900.092081529505
1636139700,61200,61205,61118.6,61118.7,6.421172940000001,22.241578861000413,27.134577004264806,16.343968173345118,24.51218600857333,-91.60846428572927,0,11893.685772415754
1636140600,61118.6,61150,61000.1,61009.8,14.168799160000013,22.34522388400041,25.483379974553326,20.159928698066327,22.137153740591827,-40.237000000014916,0,11881.350693760785
1636141500,61009.8,61164.3,60900,61164,22.72098492999999,22.226297926000413,22.84385676617126,21.99468223762299,19.913589649562198,36.60874999998555,0,11904.020098702294
1636142400,61163.9,61163.9,60901.2,60902.4,9.07329561,18.934495669500414,20.56314277337388,19.79874921020336,17.658398339505673,41.1401428571304,0,11895.029695781537
1636143300,60906.3,60949,60877,60877,11.58958488000001,18.016385431500414,19.974740471719834,20.19398186619085,15.50941340730313,41.38071428570413,0,11883.440110901538
1636144200,60877,60920.8,60830,60898.1,13.348350829999985,17.881429679000412,19.227524277244296,21.37488431619806,13.676911824363161,24.627285714274706,0,11890.114286316537
1636145100,60898.4,61040.7,60853.8,60937.3,11.56370307999999,16.356446937000406,22.66752381745909,19.738144697067142,11.908031947172796,13.912607142847662,0,11888.883052013209
1636146000,60937.3,61200,60937.3,61200,8.391640879999999,14.829603707000407,26.611610518888273,17.687976765532163,12.62747876190198,49.39982142856212,0,11897.274692893208
1636146900,61200,61219.2,61095.9,61219.1,10.42156127,14.405334469000408,26.060916100588123,16.80565645570078,13.450284493068697,87.13289285713302,0,11907.679349765365
1636147800,61217.5,61222,61127.7,61143.7,3.5111051499999997,13.379789962000407,25.14963864683852,16.14244688811201,14.81085875212003,96.65460714284711,0,11905.359711898504
1636148700,61143.7,61155,61054.3,61093.6,6.558029869999998,12.275443958000405,24.057811519009697,18.606031730060966,14.371016969926329,91.87596428570441,0,11903.920462046199
1636149600,61093.6,61222,61089.9,61222,8.18400176,11.248090752500406,25.5984874188653,17.530847062223383,14.354549277591662,103.47974999999087,0,11912.1044638062
1636150500,61222,61367.1,61221.9,61221.9,20.36656925,11.696055172500404,30.35755738135687,16.408452843999893,14.477822124518616,103.66496428570693,0,11891.7378945562
1636151400,61222,61222,61110,61110.6,5.9518791800000015,11.241745162000404,28.824560391685562,20.625152949770236,13.889469715373961,85.21371428570657,0,11885.84978551027
1636152300,61111,61174.9,61111,61130,10.138176980000003,11.524315106000405,27.951864574156616,20.00070336682529,13.301117306229301,70.24421428570705,0,11881.740571366578
1636153200,61130,61130,60906,60943.4,9.208974529999994,11.464839997500404,25.100785613642913,27.295424329203854,12.767216350930966,20.347678571421838,0,11875.606736545702
1636154100,60943.3,61058.9,60910.1,60910.2,5.254602659999999,10.142691584000405,23.393767141849096,25.439155993918106,12.931123143486419,-12.214607142863265,0,11870.359196523686
1636155000,60910.2,61054.8,60900,61052.9,19.103214769999997,10.969593227500404,21.737560866497173,24.100060302717498,13.163995455283668,-22.13507142857738,0,11888.993469329047
1636155900,61048.7,61116.2,61006.2,61006.2,8.37093249,10.659145906500402,23.489077813445256,22.86147770463252,13.221726030228885,-29.403535714293167,0,11880.622536839048
1636156800,61007.4,61103.3,60886.5,61001.2,21.779108510000018,11.306284436500404,21.17882272287644,26.0433126240571,13.579764694720398,-35.06296428572417,0,11881.888296835477
1636157700,61006.3,61188.6,60947.7,61185.8,16.786466899999983,11.824549134500405,22.677264285827295,23.300922195500615,13.18322410955868,-9.492321428581423,0,11898.284542836183
1636158600,61185.8,61185.8,61112.3,61140.2,4.269459850000003,11.329582169000403,21.918884529956124,22.521685888004704,11.841266312217627,-1.5915714285831193,0,11897.256387198835
1636159500,61140.3,61318.8,61140.2,61202,24.739794099999987,11.430522627500403,26.147579317436158,20.709339845149863,11.128066240713904,34.64960714284514,0,11889.63774959805
1636160400,61237.6,61318.5,61178.4,61178.4,9.394566670000001,11.446586180500402,24.483209111400292,19.391129550939016,10.398972890379554,39.17324999998953,0,11880.24318292805
1636161300,61178.5,61178.5,60995.5,61139,22.112591549999976,11.972736514000399,22.471147258009204,26.011180206997537,10.007775971574576,29.57657142856208,0,11892.809901623132
1636162200,61139,61282.3,61138.9,61249.6,4.255944770000001,11.5181162110004,25.708244927658004,24.324256996682198,8.869239257435682,36.61946428570674,0,11895.124850661206
1636163100,61235.4,61245.2,61201.3,61237.7,14.702819009999994,11.6750720075004,25.117374626361094,23.765195843309154,6.936291816143585,38.068285714278225,0,11904.803927412664
1636164000,61239,61266.4,61063.3,61086.7,8.605265070000002,11.6857532170004,22.74959697974887,27.930132411248394,6.48206333449035,33.608678571421166,0,11898.181559463668
1636164900,61086.6,61131.2,61029.7,61029.8,9.621345859999995,11.6457424465004,21.651127504915028,28.179927146777846,6.233532262103756,23.152892857137445,0,11888.579171920635
1636165800,61029.8,61029.8,61000.5,61000.6,1.4044566700000003,11.5404100225004,21.33093552468561,29.237005158191558,7.051104016121875,3.1228928571369456,0,11887.184301985584
1636166700,61000.5,61035.5,60968.3,61035.3,17.237543269999996,12.074385692500401,20.579233928529934,29.895275929078142,8.070273971394935,-13.09628571429057,0,11904.319240831359
1636167600,61035.3,61056.4,61006.2,61053.7,4.1100581599999995,11.8706885125004,21.15966828107692,29.071106946919834,8.827139703241885,-11.817035714289732,0,11907.98718118132
1636168500,61053.8,61197.3,61053.8,61188.3,3.645008480000001,11.0346104740004,27.1840710790087,26.795433736681463,8.781849898015027,18.625749999998618,0,11911.174976054072
1636169400,61191.3,61191.3,61050,61050.1,3.4722670800000017,10.9106298690004,25.10185166105707,24.94897624816545,8.067860515486183,12.619642857143063,0,11907.7076237187
1636170300,61081.3,61148,61081.3,61148,3.4906777299999994,10.578254906500401,23.744772382488303,23.600161860085215,7.992790446846096,27.079750000001617,0,11911.1983014487
1636171200,61148,61148,61097.4,61099.2,3.86200944,10.310906652000401,23.051116715704698,22.910730698246347,7.9177203782060115,12.886642857145908,0,11907.611059478739
1636172100,61099.3,61293.9,61074.6,61291.4,15.867021139999984,10.8415275760004,28.268039872676603,20.161720695678593,8.284309441306144,27.849428571433965,0,11923.116315430869
1636173000,61291.5,61292.2,61248.8,61278.8,11.875177319999993,10.480125703500402,27.56318048276575,19.658991174526143,8.650898504406275,48.653928571435145,0,11927.658433944973
1636173900,61298.8,61299.9,61235.4,61266.5,1.9863243400000004,10.160895296000401,26.505399353456838,19.701827235219938,9.18106606366844,59.72400000000498,0,11927.58760377471
1636174800,61266.5,61339.1,61266.4,61336.9,5.6425363399999995,9.354066687500401,27.725618037529394,18.824909675175828,10.349234196694058,75.35732142857711,0,11932.888638603074
1636175700,61344.8,61344.8,61278.9,61338.2,11.348785980000002,9.0821826415004,26.931276835602418,18.04103022111631,11.563669283521673,103.8474285714328,0,11941.964223142464
1636176600,61348.8,61486.6,61348.8,61457.3,16.882442429999998,9.7128317705004,33.225290164028344,16.38628874203672,13.257924322939326,140.50900000000266,0,11951.667339546355
1636177500,61478.9,61512.2,61430,61512.2,7.102953789999999,8.8309897550004,33.117300270424515,15.53625204043685,14.90316073328124,188.0374642857149,0,11958.770293336354
1636178400,61512.1,61602.1,61430,61433.7,21.871450379999995,9.454833940500402,35.119440407584335,13.909362604032117,16.876438913889874,210.08028571428525,0,11937.839277196981
1636179300,61433.8,61480.5,61330.2,61357.9,8.436159640000003,8.771012345000402,31.97076690811645,18.61551831042608,17.443867740299016,211.03478571428388,0,11932.512653445578
1636180200,61358,61377.1,61316.2,61334.3,4.36902766,8.776666489500402,30.76709125316743,18.780158043094396,18.046921417620954,215.90417857142796,0,11930.740650437336
1636181100,61334.2,61334.3,61244.6,61320,6.4088574199999995,8.361968410000403,29.03324028687114,22.220093595897467,18.94500055970621,215.81885714285667,0,11935.106104042263
1636182000,61317,61326.2,61126.2,61126.2,4.821002779999998,8.172755295500401,25.572838713800206,26.62763905167082,19.067517094000845,165.4231785714274,0,11930.285101262263
1636182900,61113,61137.8,60537.3,60654.7,94.66091685999989,12.424733845500395,18.458966338066137,46.50105171747339,22.12914441940287,45.3459285714281,0,11872.63731226026
1636183800,60649.3,60835.9,60570.3,60785.8,15.171528419999994,13.113087433000397,16.299259749447476,41.060409704663584,25.19077174480489,-46.284714285713676,0,11882.08524449169
1636184700,60784.7,60843.1,60769,60842.4,4.935166219999999,12.497968580500395,16.075717756478287,39.66603037505826,27.018087820428033,-119.54374999999757,0,11886.927168704835
1636185600,60843,61334.3,60792.1,61180.5,26.516372830000027,13.618284314000396,31.806997458074488,31.292267167456245,25.880762515339402,-125.35285714285459,0,11898.400317111176
1636186500,61174.6,61334.2,60995.8,60995.8,11.663770209999988,14.019222400500396,27.854649611222744,27.403879873892052,24.887312761525862,-151.29199999999622,0,11886.736546901177
1636187400,61027.5,61158.3,61006.9,61013.3,5.656778599999999,14.128447976500397,26.172788328821163,25.74923602840231,23.57982813942376,-184.27571428570815,0,11881.558016425879
1636188300,61013.2,61073.1,60979.1,61073.1,1.8346813299999998,14.045648156500397,25.224007855832998,25.887903159869367,22.260587875926717,-195.07346428570756,0,11883.392697755879
1636189200,61073.1,61123.8,60922.3,61118.4,4.214409440000002,14.063268156500396,23.276143745170096,26.06556789880534,20.23998801494921,-201.31839285713556,0,11887.381223215967
1636190100,61118.3,61201.5,61118.3,61164.5,2.6741754000000006,13.403625869500399,25.6037806707631,25.20023712400682,17.715640530090557,-180.04017857141903,0,11887.676925303467
1636191000,61164.4,61188.8,61089.7,61103.3,7.392918619999998,13.1795129345004,24.557994563150263,25.349709377668695,14.738920105640917,-169.12639285713294,0,11882.313142772913
1636191900,61109.8,61109.8,61000,61000,14.479147559999992,13.8041540955004,23.41674990766743,27.968107549462808,13.485810326178893,-175.47817857142013,0,11867.833995212914
1636192800,60976.3,61044.3,60934.2,61033.2,1.9574993099999998,13.6199022440004,22.29778309370416,29.487463648687772,12.74943265783064,-166.41696428570668,0,11869.396794389562
1636193700,61033.1,61035.5,60855,60887.6,6.310034519999998,13.367964671000399,20.562976225473037,30.607081820070842,13.201989282759664,-179.5261785714229,0,11865.366063197562
1636194600,60862.4,60959.4,60681.9,60723.2,35.35280124000001,14.291482611500399,18.216458401593247,34.232622833413274,15.238841063784118,-206.71096428570905,0,11840.536293966295
1636195500,60702.3,60716.5,60500,60550.3,47.36717057999997,16.304693451000396,16.577826655725982,38.484160087779664,14.99717216871945,-247.0900714285665,0,11815.178995720467
1636196400,60550,60550.1,60200,60340.1,105.15352040000008,20.4687969520004,14.390017784168288,44.70752643556692,15.578070012805211,-301.37160714285505,0,11794.184333978223
1636197300,60397.4,60623.8,60397.4,60566.5,9.321384089999999,20.513058174500397,15.586163453964645,40.09274193493239,15.699026486467599,-302.4679642857129,0,11798.787384955529
1636198200,60566.4,60664.5,60400,60400.9,6.490787299999999,20.6191461565004,15.56750991566796,36.32777939997955,18.498198151227616,-324.825178571429,0,11792.340769364942
1636199100,60400,60425.2,60329.2,60399.9,5.684166660000002,20.5829116185004,15.016335435257618,37.65272944701693,21.50982608027383,-337.4754642857158,0,11795.028906514568
1636200000,60399.9,60482.2,60250,60250.1,5.447259029999994,20.6142244310004,13.748398300248624,37.35346697057278,24.751000304300998,-386.64839285714453,0,11789.58633935281
1636200900,60250,60598.6,60129.8,60532.9,29.265397759999964,17.344448476000405,11.615866800718996,35.536565663001156,28.281833666870153,-409.16085714285805,0,11810.648935778203
1636201800,60540.1,60630.1,60450,60486.4,15.62428665,17.367086387500404,11.970114080422297,33.39358993369141,31.25131585243833,-428.9157142857146,0,11801.340296369292
1636202700,60477.4,60477.4,60256,60327.6,19.91902164,18.116279158500404,11.05192295253641,37.29090201565161,35.07149941172349,-470.7664285714286,0,11794.304761173953
1636203600,60327.5,60549.2,60286.8,60549.2,6.74820914,17.127870974000405,12.454507025156826,34.084231434645496,38.27796079009445,-433.2088214285712,0,11801.052970313953
1636204500,60549.9,60694.3,60442.6,60559.9,18.645943309999982,17.476979629000404,16.141494261329477,31.30356245647366,39.92794061640274,-400.24939285714237,0,11799.786201817325
1636205400,60560,60560,60457.7,60555.6,2.2127472100000003,17.304778059500403,15.584976487489044,30.224295034913588,41.218902184868774,-364.2552499999997,0,11801.808605181304
1636206300,60560,60599.5,60504.3,60578.6,8.015331110000005,17.613810548500403,16.450222214351847,29.214844864501416,41.81346181092733,-315.4991785714295,0,11806.3045997325
1636207200,60578.8,60674.6,60374.6,60385.2,6.1386763099999975,17.7100238920004,14.77551004233439,30.641994781756594,42.12761450988164,-294.3708928571438,0,11800.599723215075
1636208100,60385.2,60514.1,60385.2,60472.1,33.64089886000002,19.258360065000403,14.11079393352449,29.26348212945938,41.781177093817675,-244.82792857142974,0,11812.317926153895
1636209000,60482.4,60737.9,60468,60642.3,3.7171407899999998,19.074571173500402,20.44817449997777,26.568277344562237,39.046616113372295,-160.83510714285774,0,11813.40180529496
1636209900,60642.3,60744.5,60642.2,60662.1,8.230783870000002,18.762152989000402,19.94104726108261,25.605648270356333,36.7911012562235,-79.19450000000086,0,11808.373222774188
1636210800,60662,60763.9,60630.6,60742.9,8.635024659999997,19.0960292565004,19.68038587359949,24.366758854394707,34.69362251503298,20.293964285712605,0,11814.28753448805
1636211700,60749.7,60795.7,60670.9,60682,8.334828900000003,19.1972689755004,19.95018284292857,23.233372095885883,32.16678904560023,95.82657142856897,0,11807.435343421223
1636212600,60682,60749,60623.9,60748.2,4.297539749999999,17.6445059010004,18.99633814812563,23.918822610438216,29.686652128506946,171.43857142856882,0,11811.677918634052
1636213500,60750,60792.9,60712,60712.3,4.04461779,15.478378261500401,20.132825446095286,23.1480588940029,26.560658619306604,216.97628571428402,0,11807.663298009367
1636214400,60712.2,60859.7,60634.6,60810.1,10.522448379999991,10.746824660500398,18.360000666002225,24.13751899686911,24.158439015336683,257.6524999999969,0,11813.54857677899
1636215300,60810,60835.1,60605.4,60636.2,12.194930439999995,10.890501978000398,16.740096827066463,23.129465434100716,21.426210178725174,280.6808214285678,0,11804.624032560601
1636216200,60636.1,60699,60500,60524.9,3.24019732,10.727972479000396,15.46689719220405,25.398649906452516,19.842400840328185,263.4702499999962,0,11802.194698690531
1636217100,60575.5,60646.6,60566,60646.6,4.090786530000001,10.648303472500398,14.72910010109462,24.18709145447465,19.295713561950812,263.8340714285663,0,11806.285485220531
1636218000,60646.5,60800,60646.5,60800,13.909597969999997,11.071420419500397,19.913989094757,22.71527318650686,17.482439420308786,269.9255714285666,0,11820.19508319053
1636218900,60799.9,60865.5,60727,60730.5,6.357530509999994,9.9260270570004,21.442457666527744,21.447136862643585,15.48659672885452,275.1632499999955,0,11814.158871912083
1636219800,60730.5,60731.8,60690,60690.1,4.697613800000002,9.3796934145004,21.060316293858435,22.64243233930882,13.249842487515965,262.6797142857097,0,11809.483734733136
1636220700,60690,60795.5,60690,60750.6,11.88743619,8.978114142000399,22.876948807838534,21.596292916321165,10.960190731599877,238.16639285713782,0,11811.2527655216
1636221600,60750.7,60826.7,60732.5,60826.7,16.643935040000006,9.4729004370004,23.31270539837942,20.677641765602825,10.458273312452045,238.19535714285095,0,11827.8967005616
1636222500,60826.7,60850,60740.1,60826.1,9.13778082,8.9974923125004,23.205576740785894,19.628601300543735,10.166404875815186,237.10478571427893,0,11833.060087175994
1636223400,60826,60850,60782.2,60850,8.92344961,9.3330274325004,22.44891247373431,18.988571475720658,10.00292651283418,235.4368571428496,0,11841.983536785994
1636224300,60849.9,60849.9,60736.5,60799.5,3.9373676700000018,9.1291292605004,21.202535251680466,20.169813767961557,9.638161812321432,222.4034285714214,0,11842.42102208266
1636225200,60799.9,60942,60799.9,60860.4,14.296357800000004,9.5370133350004,24.235043579785597,18.76142152574998,9.728171165903063,193.73071428570861,0,11840.298199073653
1636226100,60846.6,60925.3,60803,60910.3,6.04076613,8.1570066985004,22.7657773519946,17.62399740920629,10.139866660642708,173.10257142856724,0,11844.857174656638
1636227000,60913.4,61000,60869.9,60999.9,19.05397148000002,8.923848233000403,25.016145896980685,16.479447189668488,10.638265857167593,178.6142142857112,0,11863.881854866107
1636227900,61000,61226.9,60999.9,61212.1,34.92743356999999,10.2586807180004,33.16641716699565,14.687182428433182,12.251873360094054,212.14696428571045,0,11894.254874190856
1636228800,61212.2,61299.5,61167.5,61224.9,33.26995900999999,11.490427435500399,34.5586199486343,13.750664753450822,13.59250809592284,247.32535714285387,0,11889.919697713796
1636229700,61225,61400,61163,61316.1,45.88024409000005,13.3676981950004,35.41984485106254,12.241393049867282,15.330234870826375,285.5465714285692,0,11903.315954637965
1636230600,61315.4,61442.7,61222,61265.3,16.988324629999973,14.0022374390004,33.82613549006938,11.027552754586269,18.491485591275385,316.7472142857123,0,11892.99364230048
1636231500,61265.2,61265.4,61194.4,61207,5.0327998099999975,14.051646540000396,32.702682799381435,11.952379406338004,21.80984742691469,329.560249999998,0,11889.747132000508
1636232400,61207.6,61349.5,61207.6,61349.4,7.76851583,13.913949912500396,34.46521210722293,11.151827241009627,25.201745412767345,372.4902857142853,0,11897.504698548155
1636233300,61349.4,61505.8,61349.4,61489.6,60.52350120000004,16.330378450500397,39.26808755654533,10.333740445665104,29.162718086372454,415.3305714285716,0,11945.490083131272
1636234200,61489.5,61489.6,61402.9,61456.6,12.557888430000002,16.796263006000398,37.62051293145991,9.900166783184595,32.9015132484403,427.5595714285707,0,11948.48833331006
1636235100,61457.9,61530.7,61435.8,61436.9,4.19748794,16.801598076500397,37.88858368696497,9.433599198031219,36.60005458739268,432.87335714285734,0,11944.388152782789
1636236000,61446.8,61531,61445.5,61516.9,12.567747109999997,16.734505533500396,36.088489625027016,8.981603773738806,40.29956111987482,457.9910000000019,0,11952.810748214404
1636236900,61517,61517,61388,61394.1,15.490933489999998,17.191175682500393,33.70437226075061,11.332924114671298,43.66934656016452,444.08607142857323,0,11938.784848744388
1636237800,61394.2,61453.3,61382,61453.3,2.6518783800000016,17.088888911500398,32.42916947224374,11.222530212477885,46.23013757091786,431.1473214285736,0,11941.436727124388
1636238700,61452.5,61459.6,61399.4,61400,2.583470370000001,16.623690620500394,31.6986904325813,10.849292039173024,48.82097217972973,404.38575000000185,0,11938.904754502628
1636239600,61399.9,61446.1,61349.3,61366,4.97596096,16.040291916500394,29.972525987821662,13.076893440059076,50.15486643361902,371.9314285714295,0,11935.64570569205
1636240500,61370,61458.3,61364.5,61451,15.20553498,16.343679624500393,29.060237954965995,12.373734038671694,50.2731759203188,351.5929642857149,0,11948.484494289234
1636241400,61453.3,61463,61401.2,61405.8,5.733410600000002,16.184177674000395,28.27176240756363,11.918998105186262,50.102854277562564,320.7959285714286,0,11943.604601124835
1636242300,61403,61550.1,61398.2,61536.3,32.83966543999998,17.629292562500392,30.848795589340703,10.862336934277128,50.051761708219466,301.3238571428576,0,11970.477349078701
1636243200,61535.4,61584.6,61488,61580,20.697631069999968,17.94935622600039,31.12729718512734,10.240574667273847,50.027577609827226,285.4411785714278,0,11989.203777189654
1636244100,61582.3,61589.2,61388,61388,9.895115060000004,18.14207367250039,27.585544826749814,14.730583839372544,48.878321901376644,228.18042857142765,0,11979.308662129653
1636245000,61392.3,61459.8,61392.3,61459.5,3.43247795,17.36099899600039,26.429825880534324,14.113433990098226,47.39772537944514,183.26624999999777,0,11982.710629164541
1636245900,61459.5,61953.4,61459.5,61953.4,28.10429621999999,17.01984212850039,43.8407324954801,10.77062925163026,47.556448685402934,218.18474999999594,0,12010.814925384542
1636246800,61953.4,62385,61953.3,62168.2,114.80558749999989,21.096623553000384,54.07460130919662,8.807094193416216,48.53181595837791,265.81282142856605,0,12010.309642511596
1636247700,62189.8,62282.1,62122.4,62122.4,38.782829779999986,20.74175283750038,50.413183755525026,8.210761562275227,49.378818794847966,302.2935357142813,0,11971.526812731596
1636248600,62121.5,62159.6,61922,61937.1,16.748672259999985,20.72977021900038,45.47922830647111,15.661892154250134,48.566262671517954,293.11142857142215,0,11956.906970026528
1636249500,61937.2,61988.5,61860.8,61885.4,5.25178144,20.74071930050038,43.041062553082625,17.39152517543124,48.04983855211625,264.6321071428499,0,11953.678584411493
1636250400,61898.5,61963.6,61840.1,61848.2,9.17188950000001,20.81088798400038,40.764929829075925,17.358188291969608,47.45623086628048,234.39317857142012,0,11945.709809161695
1636251300,61848.2,61912.5,61826.2,61877.2,5.252516019999998,18.04733872500038,39.204725296912024,17.310286182469987,46.72329100450698,222.2587142857039,0,11946.665365378543
1636252200,61893.2,61992.9,61893.2,61981.4,3.9101498200000013,17.614951794500378,40.79062402894152,16.403828957460508,46.96552882670882,225.1660357142744,0,11949.673474618203
1636253100,61981.3,62150,61981.2,62000,9.724072100000006,17.89128100250038,44.764817928153995,15.156805796369232,47.61829405153576,225.39764285713144,0,11942.115428057066
1636254000,62008.9,62065,62002,62064.9,2.25793521,17.375790407500382,43.3967364724667,14.69359057742773,48.241391306840846,242.31099999998852,0,11944.366195218781
1636254900,62065,62065,61971.1,61971.1,5.168208710000001,16.859654168500384,41.427054507426405,15.520272786858019,48.06826043146152,227.24582142855957,0,11939.197986508781
1636255800,61989.9,62150,61987.1,62150,2.970440260000001,16.87558226250038,41.94549190062328,14.198070796457296,47.9919792360122,247.79642857141644,0,11942.168426768782
1636256700,62149.9,62230,62130,62218,2.5455725799999995,16.873687373000383,43.80183949909649,13.505470735588618,49.59827235423502,269.0421785714153,0,11944.103061929582
1636257600,62218,62332.5,62217.9,62230,24.023788289999985,17.82607873950038,46.393487162277246,12.738563316678267,51.49373410608076,281.00710714284264,0,11925.152359822985
1636258500,62241,62241,62214.1,62214.1,2.6220777900000005,17.19690588000038,45.7369597692089,12.75820290297472,51.19539493560346,289.8777142857004,0,11922.530282032985
1636259400,62214.2,62295,62178.5,62282,5.593553809999997,17.18991304050038,45.77503577265903,11.968277956277515,50.23526991281147,300.51028571427264,0,11926.875489069938
1636260300,62282.1,62282.1,62234.3,62241.6,3.3591395200000025,15.71588674450038,44.556074519505756,11.649570021932558,49.27514489001947,307.1391428571295,0,11924.542362876131
1636261200,62241.6,62243.1,62150,62150,5.3032139900000015,14.946165890500385,42.199017873521136,15.823357654136988,49.03869366565727,295.5049285714148,0,11919.23914888613
1636262100,62150.1,62172.9,62009.3,62011.8,40.47011969000004,16.474916122000387,38.358875974161116,22.209706609851644,47.91150761308508,234.43632142855802,0,11880.005891044846
1636263000,62001.3,62097.1,61985.5,62071.8,9.687653709999989,16.787674910000383,35.95521922579133,22.154341821374963,46.7314209439209,181.85128571427282,0,11885.30111395085
1636263900,62076.8,62091.2,61980.9,61981,5.975931559999997,15.681256677000386,33.70707754495951,21.029877818640824,45.61851338751588,130.15121428570188,0,11879.336018168839
1636264800,61981,62076.2,61981,62053.8,3.6818373099999997,10.12506916750039,31.855699933059483,19.874801561362425,44.2272154446898,111.34299999998993,0,11881.285226156486
1636265700,62053.2,62068.3,62053.2,62066.7,1.8435816099999995,8.27810675900039,31.559605558497495,19.69006799875914,42.352143262641405,95.80171428570551,0,11882.738114974962
1636266600,62068.3,62105.7,61911.2,61954.4,6.147930450000001,7.748069668500392,27.95520515185814,25.77943871853629,39.11199061981913,45.84967857141993,0,11879.321193218433
1636267500,61928,61938.9,61833,61868.2,16.674864659999994,8.319223829500391,25.962122015764844,28.533995415851255,36.19962182450759,-21.768892857151286,0,11873.731413280471
1636268400,61867.1,61925,61800,61800.1,5.156351130000003,8.11844691100039,24.060016271425475,28.3776489917639,33.257591269296064,-103.44889285715112,0,11868.58331231228
1636269300,61804.9,61906.5,61804.9,61897.3,10.48313049,8.37997763450039,22.54583753877649,26.591746933296122,30.069544076094605,-159.93785714286383,0,11877.167923107241
1636270200,61896.4,61961.1,61836,61959.3,3.3790629199999995,8.35342328950039,24.103061567272377,24.62915042578125,26.081307674085053,-191.50553571429202,0,11880.449746806522
1636271100,61961.2,61961.2,61770.6,61803,15.962211449999993,8.665330257000388,21.499527108410767,25.67513566135849,22.68650585189625,-244.7645357142905,0,11869.914352260825
1636272000,61803.1,61865.7,61772.9,61855.6,4.492700659999998,8.777068529500388,20.347125270593118,24.29891592530709,19.136845915004965,-275.43717857143287,0,11873.429115923713
1636272900,61810,61837,61679.8,61690.6,6.515340119999999,8.84442510000039,18.341434767489574,27.123937390763185,16.334723475602114,-335.42585714286065,0,11867.809013377453
1636273800,61690.5,61717,61690.5,61692.6,9.566975259999996,9.174251850000388,18.052558864795472,26.696737883325333,14.467521004039785,-369.75332142857474,0,11859.758313441678
1636274700,61690.6,61793.9,61676.4,61732.2,24.74196794,10.284071618000388,21.367596819447936,24.829407985501067,13.098304311345434,-380.42528571428903,0,11858.515950796178
1636275600,61722,61737.9,61550,61592.8,25.177165270000007,10.34174046700039,19.070409223247946,29.392092265373908,12.923199631298777,-398.6969642857171,0,11844.808531918472
1636276500,61581.1,61618.8,61572,61595.3,13.414578780000005,10.881365516500392,18.535896396048905,28.56827930204704,12.790204416372154,-407.6687500000017,0,11844.751204658729
1636277400,61595.2,61702.2,61552.1,61702.2,7.994610350000003,11.001418343500392,21.80407450780413,26.046712075525647,11.769216532968494,-379.689785714287,0,11852.74581500873
1636278300,61702.1,62056.7,61702.1,62002.5,12.832204590000007,11.47507159700039,36.138397314926564,21.270290855957217,11.964822504959852,-290.7389285714297,0,11861.65525880472
1636279200,62004.5,62380,62004.5,62187.6,39.69249855000001,13.194535825000392,44.738066904181004,17.575285962700825,14.789217661807287,-181.78739285714295,0,11860.672195591631
1636280100,62204.7,62329,62178.1,62194.3,27.863706199999967,12.564215150500388,41.62523776219149,16.352415460927276,17.565735989340517,-88.83935714285523,0,11838.79115394352
1636281000,62194.2,62194.3,61953.9,61953.9,12.140200350000004,12.68684248250039,37.18619144271732,24.554213556412975,18.43902062492493,-40.356821428567514,0,11826.65095359352
1636281900,61953.8,61992.8,61901,61968.4,4.345960760000001,12.60534394250039,35.62388187367805,25.94363338074827,18.973959341199702,-6.805214285709553,0,11828.68664327413
1636282800,61968.5,61980,61655,61836.6,27.928011039999983,13.817652629000388,30.705454281416987,32.81220692026412,19.133762744856337,9.962107142862976,0,11831.9692587256
1636283700,61837.3,61899.5,61763.8,61791.6,1.73228168,13.81208763250039,28.910622880904143,30.89422913166463,18.73843548995104,21.9583571428621,0,11830.94674020999
1636284600,61794.6,61857.2,61786.7,61815.2,6.994847730000001,13.854433496500391,27.995069573855602,29.915858178996785,18.343108235045747,29.338857142861627,0,11829.60730128297
1636285500,61815.1,61935,61815.1,61934.9,13.427711759999998,13.692075851500395,30.017579778955927,28.275812195444,17.176753122506984,49.69371428571799,0,11843.012614858215
1636286400,61935,62001.3,61851.6,61853.2,20.356355990000015,14.452076094500393,30.997313661343327,26.33461842101703,16.377888981095875,45.31400000000244,0,11823.091398074414
1636287300,61853.2,62147.6,61826.2,62073.7,8.088194740000002,14.332329307000393,32.98668047263326,22.727114177716558,17.15797361670628,87.77860714285987,0,11827.460130516429
1636288200,62073.8,62137.1,61986.3,61995.6,8.917339809999989,14.60924315150039,30.851216418559584,21.255825321609734,16.952007950816625,117.16360714285929,0,11819.642674794399
1636289100,61976.3,61976.3,61786.7,61817.2,7.576829499999998,14.189974054000391,28.134098781370437,27.798869587348513,15.473511748527045,96.30900000000258,0,11814.503538329736
1636290000,61817.3,61885.2,61817.3,61859,5.359928589999999,14.233335450500388,27.291503981016106,26.9663146456726,14.883008214714495,86.84110714286041,0,11815.727086093286
1636290900,61875.7,62175,61842,61959.5,27.82151769,15.298644329000387,35.43949468965201,23.288079820309974,14.511040569471868,79.34692857143182,0,11807.539372178511
1636291800,61952.9,62051.9,61952.9,62046.4,4.885491610000001,15.064570146500387,33.956575830200705,22.31362087081404,12.875364200147057,82.5064642857173,0,11811.8820313874
1636292700,62046.3,62046.3,61900,61902.5,2.5068196099999995,13.952812730000385,31.835152376333436,23.17703600248361,10.88592958924175,57.301678571431054,0,11809.460885721694
1636293600,61902.4,61976.5,61900,61962.1,24.90605316999998,13.939257125000385,30.75394415456846,22.38988092353832,10.54869519702355,29.86289285714634,0,11824.990542404163
1636294500,61962.1,62038.9,61959.3,62036.9,6.807232410000001,13.608889806500382,32.50045397067828,21.569020812437913,10.869723985236126,10.930750000003478,0,11831.45570283376
1636295400,62036.8,62036.9,61879.7,61905,23.055359319999983,14.361927255000381,30.14961291760654,23.671519413759533,11.492548270585257,-31.539821428568402,0,11815.821470623125
1636296300,61903.5,61903.5,61848.8,61851,1.560505899999999,13.798342320500382,29.33273921105945,24.519851264902307,11.894002124485706,-53.413964285711714,0,11814.386489877787
1636297200,61850.9,61950.8,61850,61950.7,4.427093029999996,12.035072044500382,30.207602965933745,23.3004506834162,12.579132382727682,-34.76028571428354,0,11818.804798993044
1636298100,61950.8,61990.1,61819,61819,9.991109510000001,11.141442210000383,29.604393890081766,21.358765261845125,13.521393365693603,-28.353285714282435,0,11808.813689483044
1636299000,61819.1,61899.4,61810,61863,9.942813179999998,11.031572851500382,28.278399849654583,20.85300715678846,14.02000231755981,-30.90339285713905,0,11810.659894167473
1636299900,61863.1,61999.8,61855.7,61993.8,15.188579730000011,11.573703800000384,31.26468496661865,19.348662033719023,14.386321878066493,-6.622035714281605,0,11824.583637278736
1636300800,61993.7,62225,61993.7,62217.5,26.416226929999997,11.498114594500384,38.593370705592974,17.203360182013256,15.809238281919464,36.9538928571472,0,11849.286749621837
1636301700,62217.5,62225,62101.3,62142.8,13.088895379999995,12.065945279500385,36.27680185710685,16.17072769725434,18.504685222172366,55.38171428571939,0,11844.980217350487
1636302600,62142.8,62258.2,62115,62258.2,17.732405380000017,12.602823162000385,35.365272981388905,15.044880996474689,21.341169215472437,90.3112857142905,0,11862.712622730487
1636303500,62258.3,62286.9,62082.4,62084.8,25.43414638000001,13.203144893000385,31.94480937332478,15.131582942578078,22.414284583051174,97.78839285714838,0,11837.875463649383
1636304400,62084.8,62159.5,62084.8,62117.1,3.7824995600000006,12.374452071500382,30.773954054094833,14.576973454393716,23.48739995062991,101.03103571428997,0,11837.364041352783
1636305300,62117.2,62210.2,62117,62210.2,3.5286306000000027,12.146473864500383,31.882823221358475,13.892790255295337,25.170395076747386,140.2806071428605,0,11840.892671952783
1636306200,62206.7,62250,62199,62250,3.0245856700000013,11.851836157500383,33.12512359187847,13.518865484315315,27.04863039841769,177.3871428571471,0,11843.917257622783
1636307100,62250,62490,62249.9,62490,40.26415510000007,13.486202437500387,41.150033683271246,11.895605845894613,29.54378464469044,225.49550000000428,0,11884.181412722783
1636308000,62489.9,62554.8,62151.3,62197.2,39.78832130999999,15.207622073500389,33.80401412352907,14.134324012625521,31.614848395050043,211.8271071428614,0,11853.445304290744
1636308900,62197.2,62298,62176.3,62298,10.374146890000006,14.335253533500389,31.95132528743459,13.359667363618072,33.90728257685833,222.82353571428996,0,11863.819451180745
1636309800,62298,62472.1,62291.2,62470.4,45.20078532000001,16.35101821900039,37.136765209968935,12.282111218821425,36.577655789080545,269.8332857142905,0,11908.170691613583
1636310700,62473.4,62473.8,62380.9,62473.8,46.156193700000024,18.533486923500394,35.62907579230104,11.757634691960511,39.02024343308802,296.9691428571495,0,11954.326885313583
1636311600,62473.8,62525,62473,62511.1,7.30023058,17.653195794000393,37.20585800379737,11.462576557296092,41.71895058170838,328.4692857142927,0,11957.724300314276
1636312500,62511.1,62511.1,62379.5,62388.9,3.76763166,17.501215756500393,34.824063416627226,15.277076543588922,42.824079996065244,337.39392857143673,0,11954.494901748561
1636313400,62387.5,62387.5,62290,62290,11.59370847999999,16.928133214500395,33.10868478984623,18.982215387898137,42.02288593868139,308.0537857142948,0,11942.90119326856
1636314300,62290,62330.6,62232.6,62329.6,19.696658069999994,17.834940823000395,31.45524606873738,20.95928993590191,40.71497861754971,276.21010714286575,0,11962.195878724888
1636315200,62329.7,62340,62250,62262.4,10.758997910000007,18.151536067000396,30.466345551909246,19.972813883222354,39.32170847923796,238.54989285715078,0,11954.4015824612
1636316100,62260.5,62425,62260.5,62425,5.01057129,17.902509156000395,32.26432825833878,18.279339766948436,38.747019059910926,218.44475000000728,0,11959.4121537512
1636317000,62424.9,62474,62375.4,62472.1,11.040188149999997,17.957377904500397,33.168864098992756,17.33080399363197,38.43615683544887,202.90975000000662,0,11970.026857976554
1636317900,62473.8,62817,62473.8,62687.3,32.979932439999985,18.846945540000394,44.0065694475875,14.496986338436379,39.23188484440174,214.65728571429304,0,11978.07965033807
1636318800,62702.2,62851.1,62696.9,62786.9,13.382770929999985,18.195272740000394,42.21699215743565,13.378178349122075,39.93467337328584,250.56767857143535,0,11980.31879099951
1636319700,62786.9,62929,62786.9,62928.8,26.703529019999973,18.876004422000392,43.064609860955116,12.478465590820646,39.92880816126967,294.9190000000084,0,12006.947151746408
1636320600,62928.8,63090,62859.9,62890.6,108.57187519999994,23.417977913000385,45.888745937706986,11.16863745448346,41.34452100582952,326.89946428572335,0,11927.346650458965
1636321500,62880.3,62898.9,62782.8,62879,30.167273599999977,23.654634274000383,43.41263790096435,14.149309341730357,42.04500276818195,332.74503571429574,0,11947.172343617276
1636322400,62888.7,63030,62812.1,62818,33.43905356999994,25.13746197450038,45.0600372448388,12.757907588233252,42.44320601516768,321.1582857142967,0,11915.544124522385
1636323300,62820,62951.6,62820,62922.3,11.808189529999998,25.55143992100038,42.312640708890456,11.980033594845112,42.835554465789244,330.6907142857265,0,11922.094260051945
1636324200,62922.3,63000.7,62880.5,62962.9,21.354987169999987,26.467959996000378,42.230974445464405,11.311776891968233,43.182091294154546,345.6444285714432,0,11930.017990732329
1636325100,62957.5,62975.7,62833.6,62835,27.743814919999984,25.841942987000373,39.43073930542159,12.750197850320058,44.04750319758262,349.9010000000159,0,11902.820851968389
1636326000,62834.9,62950,62826.3,62831.1,11.663860639999996,24.435719953500374,37.12309994271708,12.349378207870517,45.68728057910863,319.9135357143019,0,11892.062189890587
1636326900,62831.1,62999.3,62831,62990,3.0599859400000025,24.07001190600037,36.50469398344515,11.37405730892457,48.00607937174781,321.0089285714449,0,11894.783995566273
1636327800,62989.9,63038,62913.6,62920.1,5.301243440000003,22.07503481200037,36.18556548020847,10.701297812100542,50.40238987056507,320.87821428573227,0,11890.036740588652
1636328700,62920.1,63317.8,62920,63317.8,24.530865429999945,20.993768398500368,41.96473307240819,8.890397006791785,53.07147988217917,380.1566428571631,0,11914.567606018652
1636329600,63319.6,63879,63319.6,63878.8,153.36504123000017,28.297008931000374,53.83387235784413,7.072168781735303,56.315343386553586,509.9844642857359,0,12067.822983293538
1636330500,63878.8,64600,63870,64300.7,194.2365430500003,37.82045450050039,63.84024893667279,5.497237464844904,58.72269111129428,653.9411071428785,0,12102.785561042536
1636331400,64291.9,65002,64291.9,64866.8,138.95139901999997,44.18833902750038,62.47291480598138,4.457387408217051,61.20895069924347,848.1365000000218,0,12188.825457041825
1636332300,64846.3,64985,64680,64985,88.8131741099999,47.644164829500376,57.446537460137215,4.098759814804871,63.46702784236938,1033.2152142857374,0,12277.638631151825
1636333200,64985,65681.1,64984.9,65234.1,144.20589549999974,54.31650970900036,64.47068204777652,3.4219640587439253,65.54333318967208,1190.2633928571638,0,12236.667751907496
1636334100,65228.9,65388.5,65021.5,65319.3,64.87019680999991,57.30949098500035,58.94519814880266,3.1286833502283105,68.33486961918219,1337.0228571428768,0,12277.07463744092
1636335000,65316.1,65329.3,65027.2,65042.9,83.65927082999991,60.94044511900036,54.78299593058982,2.9077626783267205,70.76706912930354,1398.240428571447,0,12202.110835343334
1636335900,65043.9,65220,65043.8,65141.8,17.071434459999985,60.145020220000355,52.4450638919164,2.783670313332076,73.19926863942487,1451.6117500000182,0,12204.0291917696
1636336800,65140,65310,65139.9,65202,43.859346620000025,61.66884900450036,52.46472189860294,2.665987083195034,75.52653566645722,1493.8457142857328,0,12192.19412998325
1636337700,65202,65373.8,65202,65338,42.47240387999998,62.45729274750037,51.79085256451993,2.54878546875648,78.34712390692764,1548.9363214285895,0,12216.965578579151
1636338600,65338,65338,65154.7,65278,25.725503940000003,58.314974184500365,49.300554418530474,3.66701653578842,80.92412140561548,1561.2670714285873,0,12225.84950874501
1636339500,65278.4,65278.4,65120.4,65132.5,17.206657279999995,57.666943368500355,47.19403855824914,4.437909103918839,83.08993330296971,1520.8044285714448,0,12211.278301504099
1636340400,65132.6,65150.7,65099.9,65146.2,46.09832015000003,58.29990669750036,46.5059992991347,4.961532613707491,84.97329580741462,1454.8392142857306,0,12249.209596430674
1636341300,65146.1,65146.1,65051.3,65055.5,23.54773274999996,58.88688385850037,45.18084156356824,6.279403491359534,85.72749202803527,1360.8392500000155,0,12227.748371645863
1636342200,65055.6,65164.8,65055.5,65164.8,15.253510619999991,58.58181003100037,44.22257567026263,6.065049498421224,85.66333275797264,1273.599678571445,0,12243.001882265862
1636343100,65173.8,65257.5,65173.8,65224.5,13.70208395999999,57.879723483000376,45.909058726484744,5.881667003851956,85.17356564218714,1166.6581785714443,0,12245.8994555764
1636344000,65224.6,65305.8,65164.3,65265.8,9.08224753999999,57.75064282800038,45.35152482035251,5.60317110722957,84.55404659451266,1045.2724642857293,0,12249.846863517814
1636344900,65265.9,65303.8,65265.8,65279.9,7.726961840000002,57.983991623000385,44.73887088558404,5.527477845765412,83.93452754683814,916.7237857143026,0,12247.854120727498
1636345800,65279.9,65388.5,65250,65378.1,12.433011809999996,58.34058004150038,45.565504012242236,5.24914603259468,83.17885207684728,781.2545357143032,0,12258.419936540038
1636346700,65378.1,65378.1,65132.1,65198.4,36.165421040000005,58.92230782200038,41.562319297874225,8.998619518674992,81.35637854161794,610.0977142857332,0,12241.74855952404
1636347600,65198.4,65294.8,65150.8,65294.5,8.468727400000006,51.677492130500376,39.38124261390679,8.526396612166495,79.53390500638862,465.54846428573387,0,12250.182000559873
1636348500,65294.5,65703.5,65294.5,65454.6,46.27365518000008,44.279347737000364,47.75551275943608,7.347077630788294,78.34916285855317,352.98882142859156,0,12240.135299875315
1636349400,65454.6,65454.6,65291,65293.7,23.977156470000008,38.530635609500365,45.07017057238951,7.05424249011834,77.10663223286227,242.0027500000208,0,12216.949565440387
1636350300,65329.6,65629.9,65329.6,65476.3,19.63226972,35.07159039000037,45.85277693662116,6.273536287612528,76.05737707856811,174.14371428573872,0,12216.49847432794
1636351200,65480.4,65833.9,65408.1,65751.5,44.566214900000006,30.08960636000038,46.122561164032,5.450751489931993,75.53654808936535,167.71832142859785,0,12243.815952225781
1636352100,65751.4,66157.2,65678.6,66011.3,67.30014354000001,30.211103696500384,49.05837558309517,4.703975099606224,75.51450612497443,206.58967857145717,0,12270.083538546869
1636353000,66013.1,66155,65872,66050.1,30.85908116000002,27.571094213000396,45.12179630401544,4.326515171789174,75.64172761144766,225.30085714288793,0,12278.065463426417
1636353900,66050,66072.8,65911.2,65994.9,31.445053149999993,28.2897751475004,42.99995246455382,4.123061623491915,76.13499403172,236.88250000003052,0,12279.194060631056
1636354800,65976.3,66391.6,65949.8,66084.1,61.0992652399999,29.151771078500396,46.54612820434693,3.6216417286833154,76.82665960818838,258.0004642857448,0,12255.241157191564
1636355700,66087.1,66087.1,65861.5,65872.9,47.49783333000002,29.403042551000397,43.62837320246867,5.848122822505843,76.76045972039546,254.67185714288598,0,12212.543636804487
1636356600,65872.9,65903.1,65651.3,65736.8,45.53280878000007,30.393407793000403,40.57143313968454,11.287536970252592,75.22196614788189,225.94225000002803,0,12197.932632239657
1636357500,65758.1,66000,65758.1,65983.9,29.19999581,30.993074719500406,40.29689070450129,10.462333041002603,73.84835041175904,232.60517857145703,0,12223.245733196072
1636358400,65981.5,65981.5,65800,65800,26.55504553000004,30.015910988500405,38.19573837503382,9.916808186443255,72.37953572377965,205.58950000002926,0,12196.690687666072
1636359300,65800.1,65899,65780,65780,36.18089352000011,30.64756902700042,36.85652343883532,10.158381639493376,71.83537089909956,167.09467857145944,0,12160.509794146072
1636360200,65780,65798.8,65652.2,65798.8,20.73140408,30.921463700000412,35.21829163767922,13.581729312996124,70.40196682468112,139.85032142860507,0,12181.241198226071
1636361100,65799.8,66283.4,65799.8,66280.2,32.513371210000045,31.862028062500418,44.06846620067827,11.726256860569572,69.30434790643498,206.94385714288802,0,12213.324284953556
1636362000,66280.1,66420,66123.1,66364.1,23.261521200000008,32.57099174550042,44.22890006519638,10.756665831936589,68.44302834541794,284.46635714288834,0,12227.826499753557
1636362900,66357.8,66357.8,66087.7,66096.9,31.76470131999999,33.77287871950041,40.84310648985427,10.913662431160166,67.15000168255345,304.5314285714578,0,12198.22570255902
1636363800,66097,66251.7,66049.9,66182.5,37.48966230000001,35.02571124400041,38.524338308756626,11.357496474831388,65.40716390249143,345.80985714288505,0,12210.003921537318
1636364700,66176.6,66273.7,66100,66125.3,40.039108750000004,35.21939562950041,37.23152298953874,10.789676918590324,63.44730691648844,343.7347500000264,0,12181.628479469819
1636365600,66111,66132.3,65992.2,66008.2,11.210057609999987,35.35646214000041,35.68199350200644,13.542980476212549,60.766900253207275,304.05189285716915,0,12172.978891834979
1636366500,66008.2,66030.6,65765.8,65873.2,25.239105199999994,34.30473464100041,32.89531053623133,19.16254293347034,56.7582546363332,242.3533928571673,0,12168.21319976549
1636367400,65873.1,66000,65865.1,65959.2,18.980604239999987,34.054907029500406,31.543765144896014,18.37522564824601,52.53096466632103,170.2324642857381,0,12175.712578609018
1636368300,65944.5,66073.7,65904.9,66042.2,11.64425285,33.65550618600041,32.17945787345057,17.411237991109292,49.20383803387547,117.32075000002334,0,12183.010931402443
1636369200,66042.2,66083.6,65855,65855,35.767952610000016,33.215593071500415,29.89234672672595,17.72519039646297,46.995516987495996,41.221500000023866,0,12147.242978792443
1636370100,65855,65917.9,65798,65845.7,16.09304778999999,30.655238284000415,28.738622185862695,18.875907508280843,44.27673433708521,-11.78235714283295,0,12143.954574531766
1636371000,65845.6,66038.3,65828.6,65916.8,21.373376779999965,30.18095306500041,30.682009510031786,17.596710213495818,42.01437971422548,-39.62435714283083,0,12140.560518991595
1636371900,65916.9,66063,65826.2,66055.2,7.253871969999998,28.971394006000406,29.14010783298498,16.256922536456063,39.98526314706248,-40.42007142854624,0,12147.336517639247
1636372800,66063.1,66163.6,65875.7,65880.7,26.32575092999997,27.232718290500408,29.666125432472523,14.78319421513899,39.20995768878799,-65.43582142854609,0,12121.925172785315
1636373700,65880.8,65998.3,65875,65913,20.06612377999997,25.861132813000403,28.475548966146047,14.212691407166739,37.45604682293144,-98.16610714283257,0,12114.227462689661
1636374600,65912.9,65989.5,65850.1,65928.7,16.82864084999999,24.4259244165004,27.14896680728462,14.382713122505608,35.303476007380375,-138.3953928571202,0,12116.376313529903
1636375500,65928.6,65961.6,65791.6,65837.5,25.25387081,24.2286181665004,25.583673318572096,15.537502704410974,32.91801453299614,-169.28624999997777,0,12104.759532957301
1636376400,65842.4,65995.8,65842.3,65876.2,6.331165210000006,23.2174241505004,25.366184971956034,14.688264296469523,30.932022989688114,-205.87739285712098,0,12101.22480423745
1636377300,65876.2,65907,65777.5,65881.3,21.19332903,22.468045926000393,24.200845424976904,16.312282884138433,28.389791587635745,-241.80339285711943,0,12114.006263675621
1636378200,65882.6,65917.9,65458.1,65603.6,56.084411050000014,24.235696274500395,20.58484259118864,24.254167445992465,25.761803519153013,-317.4957499999742,0,12093.41677131973
1636379100,65603.7,65603.7,65327.3,65425.2,53.41785171,25.28092029950039,18.76932434198184,26.288741148472695,25.06955082914705,-364.29507142854476,0,12077.839785618477
1636380000,65425.1,65559.8,65425.1,65552.6,19.800561579999986,25.10787231850039,17.93896753057434,25.125724575354123,24.37729813914109,-361.08721428568526,0,12095.523583377008
1636380900,65552.5,65554.3,65350,65492.4,36.86169285,25.36272189500039,16.730044467311803,25.909746369173376,23.78788842778966,-377.98028571425687,0,12110.048136849475
1636381800,65492.5,65492.5,65200.1,65239.3,38.60673961000003,25.418575760500392,15.155794765440838,28.295640459936028,24.122778731213554,-415.6786428571154,0,12081.792862305905
1636382700,65239.3,65417.8,65239.3,65374.7,21.856181120000013,24.50942937900039,14.272851483039537,26.647198655860414,24.803252802278042,-415.0140357142593,0,12093.094405820615
1636383600,65374.7,65589.9,65341.7,65589.9,41.71040791999999,26.034446894500395,18.69124703723949,24.50909114963919,23.82921479288056,-380.12610714283363,0,12134.804813740615
1636384500,65591.1,65776.7,65591.1,65763.8,28.26010206999999,26.185496738000392,23.65616126440433,23.01250522365093,21.90066389582547,-323.31842857140697,0,12159.136518001316
1636385400,65763.6,66337.1,65763.6,66185.2,63.101175840000074,28.391525318000397,36.0965023641566,19.146924786108276,21.700570759861982,-192.32296428569634,0,12188.811125017963
1636386300,66185.2,66500,66096.3,66437.4,81.15564005000016,31.8670946780004,36.57715444714768,16.984179401837686,21.926911339579828,-24.371107142840287,0,12244.797862084904
1636387200,66437.3,66523.7,66245,66257.6,54.59454430999998,32.80842426300039,34.4022342840352,15.668369724369985,22.403790210221388,74.57889285716044,0,12195.139745893357
1636388100,66256.3,66256.3,66019,66045.9,57.74497218000007,34.891020482500394,32.10877813467275,20.938364706247803,22.162852445203757,124.40275000001765,0,12150.486554173885
1636389000,66056.1,66057.6,65889.5,65918.7,11.662625580000004,34.405482922500404,30.562882872062165,23.639288193194385,21.171076372395504,152.69532142858787,0,12142.875667641309